-- phpMyAdmin SQL Dump
-- version 4.7.4
-- https://www.phpmyadmin.net/
--
-- Host: 127.0.0.1
-- Generation Time: Sep 07, 2018 at 03:19 PM
-- Server version: 10.1.28-MariaDB
-- PHP Version: 7.1.10

SET SQL_MODE = "NO_AUTO_VALUE_ON_ZERO";
SET AUTOCOMMIT = 0;
START TRANSACTION;
SET time_zone = "+00:00";


/*!40101 SET @OLD_CHARACTER_SET_CLIENT=@@CHARACTER_SET_CLIENT */;
/*!40101 SET @OLD_CHARACTER_SET_RESULTS=@@CHARACTER_SET_RESULTS */;
/*!40101 SET @OLD_COLLATION_CONNECTION=@@COLLATION_CONNECTION */;
/*!40101 SET NAMES utf8mb4 */;

--
-- Database: `1410inventory`
--
CREATE DATABASE IF NOT EXISTS `1410inventory` DEFAULT CHARACTER SET latin1 COLLATE latin1_swedish_ci;
USE `1410inventory`;

-- --------------------------------------------------------

--
-- Table structure for table `admin`
--

CREATE TABLE `admin` (
  `id` int(3) NOT NULL,
  `first_name` varchar(25) NOT NULL,
  `last_name` varchar(25) NOT NULL,
  `email` varchar(255) NOT NULL,
  `mobile1` varchar(15) NOT NULL,
  `mobile2` varchar(15) NOT NULL,
  `password` char(60) NOT NULL,
  `role` char(5) NOT NULL,
  `created_on` datetime NOT NULL,
  `last_login` datetime NOT NULL,
  `last_seen` datetime NOT NULL,
  `last_edited` timestamp NOT NULL DEFAULT CURRENT_TIMESTAMP ON UPDATE CURRENT_TIMESTAMP,
  `account_status` char(1) NOT NULL DEFAULT '1',
  `deleted` char(1) NOT NULL DEFAULT '0'
) ENGINE=InnoDB DEFAULT CHARSET=latin1;

--
-- Dumping data for table `admin`
--

INSERT INTO `admin` (`id`, `first_name`, `last_name`, `email`, `mobile1`, `mobile2`, `password`, `role`, `created_on`, `last_login`, `last_seen`, `last_edited`, `account_status`, `deleted`) VALUES
(1, 'Admin', 'Demo', 'demo@1410inc.xyz', '08021111111', '07032222222', '21232f297a57a5a743894a0e4a801fc3', 'Super', '2017-01-04 22:19:16', '2017-04-07 17:28:08', '2017-04-07 18:34:45', '2018-03-15 15:24:50', '1', '0'),
(2, 'asd', 'qwe', 'asdqwe@gmail.com', '0899', '0998', 'asdqwe', 'asdqw', '2018-03-15 00:00:00', '2018-03-15 00:00:00', '2018-03-15 00:00:00', '2018-03-15 15:28:05', '1', '0');

-- --------------------------------------------------------

--
-- Table structure for table `eventlog`
--

CREATE TABLE `eventlog` (
  `id` bigint(20) UNSIGNED NOT NULL,
  `event` varchar(200) NOT NULL,
  `eventRowIdOrRef` varchar(20) DEFAULT NULL,
  `eventDesc` text,
  `eventTable` varchar(20) DEFAULT NULL,
  `staffInCharge` bigint(20) UNSIGNED NOT NULL,
  `eventTime` timestamp NOT NULL DEFAULT CURRENT_TIMESTAMP ON UPDATE CURRENT_TIMESTAMP
) ENGINE=InnoDB DEFAULT CHARSET=latin1;

-- --------------------------------------------------------

--
-- Table structure for table `items`
--

CREATE TABLE `items` (
  `id` bigint(20) UNSIGNED NOT NULL,
  `name` varchar(50) NOT NULL,
  `code` varchar(10) NOT NULL,
  `description` text,
  `unitPrice` decimal(10,2) NOT NULL,
  `quantity` int(6) NOT NULL,
  `dateAdded` datetime NOT NULL,
  `lastUpdated` timestamp NOT NULL DEFAULT CURRENT_TIMESTAMP ON UPDATE CURRENT_TIMESTAMP
) ENGINE=InnoDB DEFAULT CHARSET=latin1;

-- --------------------------------------------------------

--
-- Table structure for table `lk_sess`
--

CREATE TABLE `lk_sess` (
  `id` varchar(40) NOT NULL,
  `ip_address` varchar(45) NOT NULL,
  `timestamp` int(10) UNSIGNED NOT NULL DEFAULT '0',
  `data` blob NOT NULL
) ENGINE=InnoDB DEFAULT CHARSET=latin1;

-- --------------------------------------------------------

--
-- Table structure for table `transactions`
--

CREATE TABLE `transactions` (
  `transId` bigint(20) UNSIGNED NOT NULL,
  `ref` varchar(10) NOT NULL,
  `itemName` varchar(50) NOT NULL,
  `itemCode` varchar(50) NOT NULL,
  `description` text,
  `quantity` int(6) NOT NULL,
  `unitPrice` decimal(10,2) NOT NULL,
  `totalPrice` decimal(10,2) NOT NULL,
  `totalMoneySpent` decimal(10,2) NOT NULL,
  `amountTendered` decimal(10,2) NOT NULL,
  `discount_amount` decimal(10,2) NOT NULL,
  `discount_percentage` decimal(10,2) NOT NULL,
  `vatPercentage` decimal(10,2) NOT NULL,
  `vatAmount` decimal(10,2) NOT NULL,
  `changeDue` decimal(10,2) NOT NULL,
  `modeOfPayment` varchar(20) NOT NULL,
  `cust_name` varchar(20) DEFAULT NULL,
  `cust_phone` varchar(15) DEFAULT NULL,
  `cust_email` varchar(50) DEFAULT NULL,
  `transType` char(1) NOT NULL,
  `staffId` bigint(20) UNSIGNED NOT NULL,
  `transDate` datetime NOT NULL,
  `lastUpdated` timestamp NOT NULL DEFAULT CURRENT_TIMESTAMP ON UPDATE CURRENT_TIMESTAMP,
  `cancelled` char(1) NOT NULL DEFAULT '0'
) ENGINE=InnoDB DEFAULT CHARSET=latin1;

--
-- Indexes for dumped tables
--

--
-- Indexes for table `admin`
--
ALTER TABLE `admin`
  ADD PRIMARY KEY (`id`),
  ADD UNIQUE KEY `email` (`email`),
  ADD UNIQUE KEY `mobile1` (`mobile1`);

--
-- Indexes for table `eventlog`
--
ALTER TABLE `eventlog`
  ADD PRIMARY KEY (`id`);

--
-- Indexes for table `items`
--
ALTER TABLE `items`
  ADD PRIMARY KEY (`id`),
  ADD UNIQUE KEY `name` (`name`),
  ADD UNIQUE KEY `code` (`code`);

--
-- Indexes for table `transactions`
--
ALTER TABLE `transactions`
  ADD PRIMARY KEY (`transId`);

--
-- AUTO_INCREMENT for dumped tables
--

--
-- AUTO_INCREMENT for table `admin`
--
ALTER TABLE `admin`
  MODIFY `id` int(3) NOT NULL AUTO_INCREMENT, AUTO_INCREMENT=3;

--
-- AUTO_INCREMENT for table `eventlog`
--
ALTER TABLE `eventlog`
  MODIFY `id` bigint(20) UNSIGNED NOT NULL AUTO_INCREMENT;

--
-- AUTO_INCREMENT for table `items`
--
ALTER TABLE `items`
  MODIFY `id` bigint(20) UNSIGNED NOT NULL AUTO_INCREMENT;

--
-- AUTO_INCREMENT for table `transactions`
--
ALTER TABLE `transactions`
  MODIFY `transId` bigint(20) UNSIGNED NOT NULL AUTO_INCREMENT;
--
-- Database: `ac_db`
--
CREATE DATABASE IF NOT EXISTS `ac_db` DEFAULT CHARACTER SET latin1 COLLATE latin1_swedish_ci;
USE `ac_db`;

-- --------------------------------------------------------

--
-- Table structure for table `all_settings`
--

CREATE TABLE `all_settings` (
  `all_id` int(3) NOT NULL,
  `all_name_settings` varchar(60) NOT NULL,
  `all_value_settings` varchar(60) NOT NULL
) ENGINE=InnoDB DEFAULT CHARSET=utf8;

--
-- Dumping data for table `all_settings`
--

INSERT INTO `all_settings` (`all_id`, `all_name_settings`, `all_value_settings`) VALUES
(1, 'footer', 'Copyright © Binercenter.com 2015'),
(2, 'site_name', 'Biner Shop V.1');

-- --------------------------------------------------------

--
-- Table structure for table `groups`
--

CREATE TABLE `groups` (
  `gro_id` tinyint(1) NOT NULL,
  `gro_name` varchar(60) NOT NULL
) ENGINE=InnoDB DEFAULT CHARSET=utf8;

--
-- Dumping data for table `groups`
--

INSERT INTO `groups` (`gro_id`, `gro_name`) VALUES
(1, 'admin'),
(2, 'c_admin'),
(3, 'member');

-- --------------------------------------------------------

--
-- Table structure for table `invoices`
--

CREATE TABLE `invoices` (
  `id` int(16) NOT NULL,
  `data` datetime NOT NULL,
  `due_date` datetime NOT NULL,
  `user_id` int(10) NOT NULL,
  `username` varchar(50) NOT NULL,
  `status` enum('paid','confirmed','unpaid','canceled','expired') NOT NULL
) ENGINE=InnoDB DEFAULT CHARSET=utf8;

--
-- Dumping data for table `invoices`
--

INSERT INTO `invoices` (`id`, `data`, `due_date`, `user_id`, `username`, `status`) VALUES
(10001008, '2018-07-04 00:00:00', '2018-07-04 00:00:00', 8, 'enzotaufan', 'confirmed'),
(10001009, '2018-07-04 00:00:00', '2018-07-04 00:00:00', 8, 'enzotaufan', 'unpaid'),
(10001010, '2018-07-04 00:00:00', '2018-07-04 00:00:00', 9, 'ibas', 'confirmed'),
(10001011, '2018-07-04 00:00:00', '2018-07-04 00:00:00', 9, 'ibas', 'confirmed');

-- --------------------------------------------------------

--
-- Table structure for table `orders`
--

CREATE TABLE `orders` (
  `id` int(16) NOT NULL,
  `invoice_id` int(16) NOT NULL,
  `product_id` int(16) NOT NULL,
  `product_type` varchar(60) NOT NULL,
  `product_title` varchar(60) NOT NULL,
  `qty` int(3) NOT NULL,
  `price` int(9) NOT NULL,
  `options` text NOT NULL
) ENGINE=InnoDB DEFAULT CHARSET=utf8;

--
-- Dumping data for table `orders`
--

INSERT INTO `orders` (`id`, `invoice_id`, `product_id`, `product_type`, `product_title`, `qty`, `price`, `options`) VALUES
(10001011, 10001008, 8, 'Baju', 'Jean', 1, 300, ''),
(10001012, 10001009, 7, 'Baju', 'Kaos Motif', 1, 90, ''),
(10001013, 10001010, 10, 'Mobile', 'Nokia', 1, 16000, ''),
(10001014, 10001011, 8, 'Baju', 'Jean', 1, 300, '');

-- --------------------------------------------------------

--
-- Table structure for table `pembayaran`
--

CREATE TABLE `pembayaran` (
  `invoice_id` int(11) DEFAULT NULL,
  `tgl_pembayaran` datetime DEFAULT NULL,
  `bukti_pembayaran` int(11) DEFAULT NULL,
  `Email` varchar(50) DEFAULT NULL
) ENGINE=InnoDB DEFAULT CHARSET=latin1;

--
-- Dumping data for table `pembayaran`
--

INSERT INTO `pembayaran` (`invoice_id`, `tgl_pembayaran`, `bukti_pembayaran`, `Email`) VALUES
(10001008, '2018-07-04 00:00:00', 19260809, 'enzotaufan@gmail.com'),
(10001010, '2018-07-04 00:00:00', 19260809, 'muhammadnibras1@gmail.com'),
(10001011, '2018-07-04 00:00:00', 19260809, 'muhammadnibras1@gmail.com');

-- --------------------------------------------------------

--
-- Table structure for table `products`
--

CREATE TABLE `products` (
  `pro_id` int(16) NOT NULL,
  `pro_name` varchar(50) NOT NULL,
  `pro_title` varchar(20) NOT NULL,
  `pro_description` text NOT NULL,
  `pro_price` int(9) NOT NULL,
  `pro_stock` int(3) NOT NULL,
  `pro_image` text NOT NULL
) ENGINE=InnoDB DEFAULT CHARSET=utf8;

--
-- Dumping data for table `products`
--

INSERT INTO `products` (`pro_id`, `pro_name`, `pro_title`, `pro_description`, `pro_price`, `pro_stock`, `pro_image`) VALUES
(6, 'Kopi-Gayo', 'Kopi', 'Kopi Gayo', 6, 3, 'Untitled.jpg'),
(7, 'Baju', 'Kaos Motif', 'Kerang Gayo', 90, 55, '12.jpg'),
(8, 'Baju', 'Jean', 'Jaket Jean', 300, 3, 'Hydrangeas.jpg'),
(9, 'Kopi-Gayo', 'Lakun Kopi', 'Arabika Specialty', 140000, 54, 'Lighthouse.jpg'),
(10, 'Mobile', 'Nokia', 'Jadul', 16000, 32, 'Tulips.jpg'),
(11, 'Baju', 'Koko', 'sda', 23344, 23, 'Chrysanthemum.jpg'),
(12, 'Jean', 'Celana', 'sdsfs', 100000, 6, 'Penguins.jpg'),
(13, 'Jean', 'Ponggol', 'sfsdf', 90000, 5, 'Jellyfish.jpg');

-- --------------------------------------------------------

--
-- Table structure for table `reports`
--

CREATE TABLE `reports` (
  `rep_id` int(9) NOT NULL,
  `rep_name` varchar(60) NOT NULL,
  `rep_id_product` int(9) NOT NULL,
  `rep_title_product` varchar(60) NOT NULL,
  `rep_usr_name` varchar(60) NOT NULL,
  `rep_usr_group` varchar(60) NOT NULL
) ENGINE=InnoDB DEFAULT CHARSET=utf8;

-- --------------------------------------------------------

--
-- Table structure for table `shop_session`
--

CREATE TABLE `shop_session` (
  `id` varchar(40) NOT NULL,
  `ip_address` varchar(45) NOT NULL,
  `timestamp` int(10) UNSIGNED NOT NULL DEFAULT '0',
  `data` blob NOT NULL
) ENGINE=InnoDB DEFAULT CHARSET=utf8;

--
-- Dumping data for table `shop_session`
--

INSERT INTO `shop_session` (`id`, `ip_address`, `timestamp`, `data`) VALUES
('02454e56bc6f927d45564b16c46c04d286d98965', '::1', 1431592465, 0x5f5f63695f6c6173745f726567656e65726174657c693a313433313539323436353b757365726e616d657c733a353a2261646d696e223b67726f75707c733a313a2231223b),
('03f1ca4ae4eaa23830e2569099eeb20cb6045536', '::1', 1431590570, 0x5f5f63695f6c6173745f726567656e65726174657c693a313433313539303537303b757365726e616d657c733a353a2261646d696e223b67726f75707c733a313a2231223b),
('0438ebe740ef806609b5d6dd135c4981bc0bafaa', '::1', 1431437437, 0x5f5f63695f6c6173745f726567656e65726174657c693a313433313433373330313b757365726e616d657c733a353a2261646d696e223b67726f75707c733a313a2231223b),
('046c05f2a9187acac03303698c15e208cf350482', '::1', 1431443332, 0x5f5f63695f6c6173745f726567656e65726174657c693a313433313434333333323b757365726e616d657c733a353a2261646d696e223b67726f75707c733a313a2231223b),
('051d211843fe99001c21fa82fe1364ff433b59c2', '::1', 1431434676, 0x5f5f63695f6c6173745f726567656e65726174657c693a313433313433343637363b),
('0721f2ca412df8fae13d524bdafd1a2441a07b6b', '::1', 1431440779, 0x5f5f63695f6c6173745f726567656e65726174657c693a313433313434303737383b757365726e616d657c733a353a2261646d696e223b67726f75707c733a313a2231223b),
('07c392963a173889c20875600e30fecfb4f427df', '::1', 1431443024, 0x5f5f63695f6c6173745f726567656e65726174657c693a313433313434333032343b757365726e616d657c733a353a2261646d696e223b67726f75707c733a313a2231223b),
('09e7b9ea74d4ac11171c35787f7ad1c05deabc77', '::1', 1431479138, 0x5f5f63695f6c6173745f726567656e65726174657c693a313433313437393133383b),
('0ddbea21505ad502b118e7e7c54c93d06727d40e', '::1', 1437490161, 0x5f5f63695f6c6173745f726567656e65726174657c693a313433373439303136303b),
('0nv6e3vtovu20a2aap85p3qan8', '::1', 1533719309, 0x5f5f63695f6c6173745f726567656e65726174657c693a313533333731393330393b),
('1340e33c8ea519717cd46daca6ecfc9dcfa375ba', '::1', 1431468170, 0x5f5f63695f6c6173745f726567656e65726174657c693a313433313436383135313b757365726e616d657c733a353a2261646d696e223b67726f75707c733a313a2231223b),
('1466bcd61bdd1e9787a6ed6c2e554a7a8611636f', '::1', 1431597986, 0x5f5f63695f6c6173745f726567656e65726174657c693a313433313539373938363b757365726e616d657c733a353a2261646d696e223b67726f75707c733a313a2231223b),
('162bb9759b4dfcbea5c12ccb6068efe82a1f14e4', '::1', 1431498777, 0x5f5f63695f6c6173745f726567656e65726174657c693a313433313439383737373b),
('16832ab4adfdedfb19ece26e18f46b00fb29159a', '::1', 1530709799, 0x5f5f63695f6c6173745f726567656e65726174657c693a313533303730393538303b757365726e616d657c733a31303a22656e7a6f74617566616e223b67726f75707c733a313a2233223b),
('17f5f3925d03c2daede0bd25ebe29d1e6fe7c763', '::1', 1434896373, 0x5f5f63695f6c6173745f726567656e65726174657c693a313433343839363337333b),
('1c1b3d322391a9f228e62d86ad37182088626a2b', '::1', 1431402532, 0x5f5f63695f6c6173745f726567656e65726174657c693a313433313430323533323b757365726e616d657c733a353a2261646d696e223b67726f75707c733a313a2231223b),
('1ea4c8628c928e81231728cd714bb9b957ed0e5f', '::1', 1431599312, 0x5f5f63695f6c6173745f726567656e65726174657c693a313433313539393331323b757365726e616d657c733a353a2261646d696e223b67726f75707c733a313a2231223b),
('1f6b51ae90cf2b18dd633218a6ca9c1ce0ffe84c', '::1', 1431478322, 0x5f5f63695f6c6173745f726567656e65726174657c693a313433313437383332323b),
('1ge65mm9c3ea5ejd6a8cg17qvv', '::1', 1533718654, 0x5f5f63695f6c6173745f726567656e65726174657c693a313533333731383635343b757365726e616d657c733a343a2269626173223b67726f75707c733a313a2233223b),
('2523b762386d5ebd51b4dc16a79c3d040f93ad57', '::1', 1431505248, 0x5f5f63695f6c6173745f726567656e65726174657c693a313433313530353234383b757365726e616d657c733a353a2261646d696e223b67726f75707c733a313a2231223b),
('258eddbee06e42db2c05d3610a96ad876de5cf2d', '::1', 1431474569, 0x5f5f63695f6c6173745f726567656e65726174657c693a313433313437343536393b),
('2748555a8c3b2dbc0fba9546d573cc81ebd49315', '::1', 1431599627, 0x5f5f63695f6c6173745f726567656e65726174657c693a313433313539393632373b757365726e616d657c733a353a2261646d696e223b67726f75707c733a313a2231223b),
('28466f419050238b73087b1f36bdbcefb64ef754', '::1', 1431446036, 0x5f5f63695f6c6173745f726567656e65726174657c693a313433313434363033363b757365726e616d657c733a353a2261646d696e223b67726f75707c733a313a2231223b),
('2847d0b5daf905ed1c96d84d0a4e897194ca2014', '::1', 1431475428, 0x5f5f63695f6c6173745f726567656e65726174657c693a313433313437353432383b),
('296625390a9642115c1551a16c0c32c1617a2276', '::1', 1431593086, 0x5f5f63695f6c6173745f726567656e65726174657c693a313433313539333038363b757365726e616d657c733a353a2261646d696e223b67726f75707c733a313a2231223b),
('29c2a80deefd93bcf7d1ad0b18df8dc929450bc9', '::1', 1431402958, 0x5f5f63695f6c6173745f726567656e65726174657c693a313433313430323935383b757365726e616d657c733a353a2261646d696e223b67726f75707c733a313a2231223b),
('2sfum8s77d0mfr5004vck9uq54', '::1', 1533718532, 0x5f5f63695f6c6173745f726567656e65726174657c693a313533333731383533323b),
('3155252182db4e876c2e4d200a935297661282c2', '::1', 1431500722, 0x5f5f63695f6c6173745f726567656e65726174657c693a313433313530303731333b),
('357a8722c15f2f13a4bd665968454f99cb5dff94', '::1', 1438699504, 0x5f5f63695f6c6173745f726567656e65726174657c693a313433383639393530333b),
('362a74fdaac886c0b5fd05e82b321616ea0c8e69', '::1', 1431595571, 0x5f5f63695f6c6173745f726567656e65726174657c693a313433313539353537313b757365726e616d657c733a353a2261646d696e223b67726f75707c733a313a2231223b),
('3761da4ca6ba969650b2feed93f9ba28d85f7ad2', '::1', 1431484321, 0x5f5f63695f6c6173745f726567656e65726174657c693a313433313438343332313b),
('38d9a58d2365fbcd834165945dd5cf7ba4fbee11', '::1', 1431501535, 0x5f5f63695f6c6173745f726567656e65726174657c693a313433313530313533353b757365726e616d657c733a353a2261646d696e223b67726f75707c733a313a2231223b),
('392329059a3c949f6074610c4d85ac738dc0ce10', '::1', 1431445444, 0x5f5f63695f6c6173745f726567656e65726174657c693a313433313434353433333b757365726e616d657c733a353a2261646d696e223b67726f75707c733a313a2231223b),
('3b47abec60a0a9465a28785f7803a032f3f497c7', '::1', 1431596552, 0x5f5f63695f6c6173745f726567656e65726174657c693a313433313539363535323b757365726e616d657c733a353a2261646d696e223b67726f75707c733a313a2231223b),
('412e7e3cfff901be348a108afab41a87d77ff2a2', '::1', 1431445734, 0x5f5f63695f6c6173745f726567656e65726174657c693a313433313434353733343b757365726e616d657c733a353a2261646d696e223b67726f75707c733a313a2231223b),
('437e4882a8383de2f28cd42ead8d9cb2b00c3802', '::1', 1431442274, 0x5f5f63695f6c6173745f726567656e65726174657c693a313433313434323237343b757365726e616d657c733a353a2261646d696e223b67726f75707c733a313a2231223b),
('48ca613936701c3a3542c343040ac151a55cf07e', '::1', 1530712682, 0x5f5f63695f6c6173745f726567656e65726174657c693a313533303731323636373b757365726e616d657c733a353a2261646d696e223b67726f75707c733a313a2231223b),
('4cab25a5064392e444813238e644c3367feaf0d4', '::1', 1431696158, 0x5f5f63695f6c6173745f726567656e65726174657c693a313433313639363036333b636172745f636f6e74656e74737c613a353a7b733a31303a22636172745f746f74616c223b643a3134313030303b733a31313a22746f74616c5f6974656d73223b643a333b733a33323a226138376666363739613266336537316439313831613637623735343231323263223b613a373a7b733a323a226964223b733a313a2234223b733a333a22717479223b643a313b733a353a227072696365223b643a34353030303b733a343a226e616d65223b733a363a224d6f62696c65223b733a353a227469746c65223b733a31363a224854432073656e736174696f6e20584c223b733a353a22726f776964223b733a33323a226138376666363739613266336537316439313831613637623735343231323263223b733a383a22737562746f74616c223b643a34353030303b7d733a33323a226534646133623766626263653233343564373737326230363734613331386435223b613a373a7b733a323a226964223b733a313a2235223b733a333a22717479223b643a313b733a353a227072696365223b643a34363030303b733a343a226e616d65223b733a363a224d6f62696c65223b733a353a227469746c65223b733a383a224970686f6e652036223b733a353a22726f776964223b733a33323a226534646133623766626263653233343564373737326230363734613331386435223b733a383a22737562746f74616c223b643a34363030303b7d733a33323a226338316537323864396434633266363336663036376638396363313438363263223b613a373a7b733a323a226964223b733a313a2232223b733a333a22717479223b643a313b733a353a227072696365223b643a35303030303b733a343a226e616d65223b733a363a224c6170746f70223b733a353a227469746c65223b733a373a22546f7368696261223b733a353a22726f776964223b733a33323a226338316537323864396434633266363336663036376638396363313438363263223b733a383a22737562746f74616c223b643a35303030303b7d7d),
('4cf954448710936feded1525f039eded3725de66', '::1', 1431574103, 0x5f5f63695f6c6173745f726567656e65726174657c693a313433313537343130333b757365726e616d657c733a353a2261646d696e223b67726f75707c733a313a2231223b),
('4d54e7e95ffc6e09081449ad953f752ec28d8bd4', '::1', 1431501839, 0x5f5f63695f6c6173745f726567656e65726174657c693a313433313530313833393b757365726e616d657c733a353a2261646d696e223b67726f75707c733a313a2231223b),
('4f017c5ff451ce5fb8f0c22247203c1fe8fd25c8', '::1', 1431480671, 0x5f5f63695f6c6173745f726567656e65726174657c693a313433313438303637313b),
('4f06b55a56fdf1e66aecda072eddc028d323027a', '::1', 1431473987, 0x5f5f63695f6c6173745f726567656e65726174657c693a313433313437333938373b),
('506a311d426ef4b6da4be8ab7ab58d4eb4c2c6c6', '::1', 1431485705, 0x5f5f63695f6c6173745f726567656e65726174657c693a313433313438353636393b757365726e616d657c733a353a2261646d696e223b67726f75707c733a313a2231223b),
('5204b6284ed0868ad400e0677a0e6b0a69b31e60', '::1', 1431435109, 0x5f5f63695f6c6173745f726567656e65726174657c693a313433313433353130313b757365726e616d657c733a353a2261646d696e223b67726f75707c733a313a2231223b),
('522fd3cedd3078fc5465c33e324aa0f7e7451630', '::1', 1431606066, 0x5f5f63695f6c6173745f726567656e65726174657c693a313433313630363036363b),
('56896a05abced275b9cd8a8e57f4deebe1982220', '::1', 1431477289, 0x5f5f63695f6c6173745f726567656e65726174657c693a313433313437373238393b),
('56ubj1gsg0a4sobiapeji68iu6', '::1', 1533718524, 0x5f5f63695f6c6173745f726567656e65726174657c693a313533333731383532343b),
('5a89743972fe57c6d67d6bdfec5ba43d89828abd', '::1', 1431504581, 0x5f5f63695f6c6173745f726567656e65726174657c693a313433313530343538313b757365726e616d657c733a353a2261646d696e223b67726f75707c733a313a2231223b),
('5cc5603e5d73f5f14b36be748f92e9a5710487bc', '::1', 1431763235, 0x5f5f63695f6c6173745f726567656e65726174657c693a313433313736333233353b),
('5d7d3acf146549e706e4105f894b3c7ec3572409', '::1', 1431505864, 0x5f5f63695f6c6173745f726567656e65726174657c693a313433313530353836343b),
('5fk90kflm7v4ia6sinhaomecpa', '::1', 1533718628, 0x5f5f63695f6c6173745f726567656e65726174657c693a313533333731383632383b),
('5vfpls2mbuhm3pkokg4iu9urej', '::1', 1533719309, 0x5f5f63695f6c6173745f726567656e65726174657c693a313533333731393330393b757365726e616d657c733a353a2261646d696e223b67726f75707c733a313a2231223b),
('61a806bda81696045d21ccec8b4fe58317561060', '::1', 1431480264, 0x5f5f63695f6c6173745f726567656e65726174657c693a313433313438303236343b),
('635e04c34ed3f903ff7353531ccb4be37192c9d3', '::1', 1431598978, 0x5f5f63695f6c6173745f726567656e65726174657c693a313433313539383937383b757365726e616d657c733a353a2261646d696e223b67726f75707c733a313a2231223b),
('637fd0e9452e8e9f65c26972dfb78de50847f8b8', '::1', 1431432223, 0x5f5f63695f6c6173745f726567656e65726174657c693a313433313433323232333b),
('666d5b60ea230720eea5e45a87e5413207bddbcd', '::1', 1431444366, 0x5f5f63695f6c6173745f726567656e65726174657c693a313433313434343336363b757365726e616d657c733a353a2261646d696e223b67726f75707c733a313a2231223b),
('73c87c37832a57603235528d4ba6d752df7c6e0d', '::1', 1431696380, 0x5f5f63695f6c6173745f726567656e65726174657c693a313433313639363336373b757365726e616d657c733a393a22456d616b42696e6572223b67726f75707c733a313a2233223b),
('7bd3c0c636bc020cc4b8e4f201bb09a56f6fa34c', '::1', 1431422453, 0x5f5f63695f6c6173745f726567656e65726174657c693a313433313432323435333b),
('7cb5aead3d7a7bea34af771ed5ca602f4dbdda12', '::1', 1431470791, 0x5f5f63695f6c6173745f726567656e65726174657c693a313433313437303739313b757365726e616d657c733a353a2261646d696e223b67726f75707c733a313a2231223b),
('7dfae9c5148874baa2b311f2188986e69189afb4', '::1', 1431403295, 0x5f5f63695f6c6173745f726567656e65726174657c693a313433313430333238383b757365726e616d657c733a343a2264796161223b67726f75707c733a313a2233223b),
('7ea957ce6540d596fd4c7f7cd236995b8ba5db36', '::1', 1431422755, 0x5f5f63695f6c6173745f726567656e65726174657c693a313433313432323735353b),
('800b64d7cc1147f04b6cfc9ba984fc793dd5a732', '::1', 1431433759, 0x5f5f63695f6c6173745f726567656e65726174657c693a313433313433333735393b),
('8319c1055fcb6880b4ad10cc524077cdedc1d9f6', '::1', 1530710073, 0x5f5f63695f6c6173745f726567656e65726174657c693a313533303731303035383b757365726e616d657c733a31303a22656e7a6f74617566616e223b67726f75707c733a313a2233223b),
('88phdqenf8ppjoqvimpo1ic490', '::1', 1533718622, 0x5f5f63695f6c6173745f726567656e65726174657c693a313533333731383632323b),
('8b810323020c4ed07af840fc9a17a45f0b739151', '::1', 1431596148, 0x5f5f63695f6c6173745f726567656e65726174657c693a313433313539363134383b757365726e616d657c733a353a2261646d696e223b67726f75707c733a313a2231223b),
('8fda1a3f60155b8e1f6f4d595ae481ea4e238655', '::1', 1431433442, 0x5f5f63695f6c6173745f726567656e65726174657c693a313433313433333434323b),
('90d648361e975eed85c4b12072d1f1f5455cb4a3', '::1', 1431500043, 0x5f5f63695f6c6173745f726567656e65726174657c693a313433313530303034333b636172745f636f6e74656e74737c613a343a7b733a31303a22636172745f746f74616c223b643a32333634343b733a31313a22746f74616c5f6974656d73223b643a323b733a33323a223635313262643433643963616136653032633939306230613832363532646361223b613a373a7b733a323a226964223b733a323a223131223b733a333a22717479223b643a313b733a353a227072696365223b643a32333334343b733a343a226e616d65223b733a343a2242616a75223b733a353a227469746c65223b733a343a224b6f6b6f223b733a353a22726f776964223b733a33323a223635313262643433643963616136653032633939306230613832363532646361223b733a383a22737562746f74616c223b643a32333334343b7d733a33323a226339663066383935666239386162393135396635316664303239376532333664223b613a373a7b733a323a226964223b733a313a2238223b733a333a22717479223b643a313b733a353a227072696365223b643a3330303b733a343a226e616d65223b733a343a2242616a75223b733a353a227469746c65223b733a343a224a65616e223b733a353a22726f776964223b733a33323a226339663066383935666239386162393135396635316664303239376532333664223b733a383a22737562746f74616c223b643a3330303b7d7d),
('9182b5c9aca897efc7fafc9ccd5e224d382a30ce', '::1', 1530710747, 0x5f5f63695f6c6173745f726567656e65726174657c693a313533303731303639313b757365726e616d657c733a31303a22656e7a6f74617566616e223b67726f75707c733a313a2233223b),
('91b4137b185ba3385b61637b24dc78417a4fcd76', '::1', 1431478753, 0x5f5f63695f6c6173745f726567656e65726174657c693a313433313437383735333b),
('94db78eb08374ce427801018ab2b47d5958902e6', '::1', 1431593435, 0x5f5f63695f6c6173745f726567656e65726174657c693a313433313539333433353b757365726e616d657c733a353a2261646d696e223b67726f75707c733a313a2231223b),
('9621cf3aba84dd9198a6ba81967fbac956531b84', '::1', 1530709283, 0x5f5f63695f6c6173745f726567656e65726174657c693a313533303730393233323b636172745f636f6e74656e74737c613a333a7b733a31303a22636172745f746f74616c223b643a3330303b733a31313a22746f74616c5f6974656d73223b643a313b733a33323a226339663066383935666239386162393135396635316664303239376532333664223b613a373a7b733a323a226964223b733a313a2238223b733a333a22717479223b643a313b733a353a227072696365223b643a3330303b733a343a226e616d65223b733a343a2242616a75223b733a353a227469746c65223b733a343a224a65616e223b733a353a22726f776964223b733a33323a226339663066383935666239386162393135396635316664303239376532333664223b733a383a22737562746f74616c223b643a3330303b7d7d),
('99973379fd42136c97146b3b3b250a0ed7eb13bf', '::1', 1445056497, 0x5f5f63695f6c6173745f726567656e65726174657c693a313434353035363439313b757365726e616d657c733a353a2261646d696e223b67726f75707c733a313a2231223b),
('9bfd3b7f27446ef66d6e7141adfa32df47827570', '::1', 1433092269, 0x5f5f63695f6c6173745f726567656e65726174657c693a313433333039323236393b),
('9e345db250bafb464ed4f0e1d2ff2ba66ae87eb3', '::1', 1431607461, 0x5f5f63695f6c6173745f726567656e65726174657c693a313433313630373436313b),
('9e67293e05a8650eee6831f6eb9d6f890f193d84', '::1', 1431401464, 0x5f5f63695f6c6173745f726567656e65726174657c693a313433313430313435333b757365726e616d657c733a353a2261646d696e223b67726f75707c733a313a2231223b),
('9e9314c7944092f4dad0a730b10aa95b04383215', '::1', 1431499234, 0x5f5f63695f6c6173745f726567656e65726174657c693a313433313439393231363b636172745f636f6e74656e74737c613a343a7b733a31303a22636172745f746f74616c223b643a32333634343b733a31313a22746f74616c5f6974656d73223b643a323b733a33323a223635313262643433643963616136653032633939306230613832363532646361223b613a373a7b733a323a226964223b733a323a223131223b733a333a22717479223b643a313b733a353a227072696365223b643a32333334343b733a343a226e616d65223b733a343a2242616a75223b733a353a227469746c65223b733a343a224b6f6b6f223b733a353a22726f776964223b733a33323a223635313262643433643963616136653032633939306230613832363532646361223b733a383a22737562746f74616c223b643a32333334343b7d733a33323a226339663066383935666239386162393135396635316664303239376532333664223b613a373a7b733a323a226964223b733a313a2238223b733a333a22717479223b643a313b733a353a227072696365223b643a3330303b733a343a226e616d65223b733a343a2242616a75223b733a353a227469746c65223b733a343a224a65616e223b733a353a22726f776964223b733a33323a226339663066383935666239386162393135396635316664303239376532333664223b733a383a22737562746f74616c223b643a3330303b7d7d),
('9fddbf3a0eca77129df5b5584e11bff3af9bf85b', '::1', 1431442710, 0x5f5f63695f6c6173745f726567656e65726174657c693a313433313434323731303b757365726e616d657c733a353a2261646d696e223b67726f75707c733a313a2231223b),
('9k4dounblcl6cnuo7792r7mkll', '::1', 1533718561, 0x5f5f63695f6c6173745f726567656e65726174657c693a313533333731383536313b757365726e616d657c733a353a2261646d696e223b67726f75707c733a313a2231223b),
('a1773fb1d8b50c51ef89c9a0f036be02b61a5ea7', '::1', 1530711769, 0x5f5f63695f6c6173745f726567656e65726174657c693a313533303731313537353b757365726e616d657c733a31303a22656e7a6f74617566616e223b67726f75707c733a313a2233223b),
('a4af5232f68663f2d40a2bf61825dd090e7b172c', '::1', 1431421744, 0x5f5f63695f6c6173745f726567656e65726174657c693a313433313432313734343b),
('a5c8f57adf75e265a81d440fba34678322386114', '::1', 1437491085, 0x5f5f63695f6c6173745f726567656e65726174657c693a313433373439313038353b),
('a6e90c8edad8ee49dc1c65285ce4937068d22b1a', '::1', 1431593805, 0x5f5f63695f6c6173745f726567656e65726174657c693a313433313539333830353b757365726e616d657c733a353a2261646d696e223b67726f75707c733a313a2231223b),
('a8374deb9f671bafce7981a45576695387f301f0', '::1', 1431576289, 0x5f5f63695f6c6173745f726567656e65726174657c693a313433313537363238393b757365726e616d657c733a353a2261646d696e223b67726f75707c733a313a2231223b),
('ac069d28b0a5cd4e2e684145b583b33d5c37b33c', '::1', 1431443653, 0x5f5f63695f6c6173745f726567656e65726174657c693a313433313434333635333b757365726e616d657c733a353a2261646d696e223b67726f75707c733a313a2231223b),
('adop5glq3ctac5i56oag87gqsb', '::1', 1533718503, 0x5f5f63695f6c6173745f726567656e65726174657c693a313533333731383530333b),
('aqadj7m45q4r83fivga4qafefd', '::1', 1533718627, 0x5f5f63695f6c6173745f726567656e65726174657c693a313533333731383632373b),
('b0b9494fae4b68c884cf189695d063364422aabf', '::1', 1431423723, 0x5f5f63695f6c6173745f726567656e65726174657c693a313433313432333732333b),
('b263aebf39ed1ab9941528832286d61583a180fa', '::1', 1431589636, 0x5f5f63695f6c6173745f726567656e65726174657c693a313433313538393633303b757365726e616d657c733a353a2261646d696e223b67726f75707c733a313a2231223b),
('b31328c64b0d94ac84eb7a4d8f3455dd19c4677b', '::1', 1431437681, 0x5f5f63695f6c6173745f726567656e65726174657c693a313433313433373638313b757365726e616d657c733a353a2261646d696e223b67726f75707c733a313a2231223b),
('b539c43abbbe149c45d8cfe5fe89244d04e670f8', '::1', 1431444698, 0x5f5f63695f6c6173745f726567656e65726174657c693a313433313434343639383b757365726e616d657c733a353a2261646d696e223b67726f75707c733a313a2231223b),
('b6e20d644870275da99800d43e6c598ffc17d409', '::1', 1435068509, 0x5f5f63695f6c6173745f726567656e65726174657c693a313433353036383530383b),
('b88cbc6ec918edfb0ba2ee878ee58a206d38f83d', '::1', 1431470418, 0x5f5f63695f6c6173745f726567656e65726174657c693a313433313437303431383b757365726e616d657c733a353a2261646d696e223b67726f75707c733a313a2231223b),
('b9cdb2f12aaea600ec1357c9108ffab9225a7a38', '::1', 1431444035, 0x5f5f63695f6c6173745f726567656e65726174657c693a313433313434343033353b757365726e616d657c733a353a2261646d696e223b67726f75707c733a313a2231223b),
('ba77970fdcba38c925a75b105192c1b63e4818a9', '::1', 1431473063, 0x5f5f63695f6c6173745f726567656e65726174657c693a313433313437333036333b757365726e616d657c733a353a2261646d696e223b67726f75707c733a313a2231223b),
('c0a34f960eb747f865a4a6ae49ada0947d244b7a', '127.0.0.1', 1431472461, 0x5f5f63695f6c6173745f726567656e65726174657c693a313433313437323436313b757365726e616d657c733a353a2261646d696e223b67726f75707c733a313a2231223b),
('c7d3d29749a3cf2f902963c9ace352c699550a8d', '::1', 1431472030, 0x5f5f63695f6c6173745f726567656e65726174657c693a313433313437323033303b757365726e616d657c733a353a2261646d696e223b67726f75707c733a313a2231223b),
('c8acc25ab1e76ba3f83f885b827e326d82bb061b', '::1', 1431587864, 0x5f5f63695f6c6173745f726567656e65726174657c693a313433313538373836343b),
('c97e1831226a09aac2e55c1f3e65cba57cf4de38', '::1', 1431441556, 0x5f5f63695f6c6173745f726567656e65726174657c693a313433313434313535363b757365726e616d657c733a353a2261646d696e223b67726f75707c733a313a2231223b),
('ca8a42d8257d354d97bb350537b9a11870ad6339', '::1', 1431441093, 0x5f5f63695f6c6173745f726567656e65726174657c693a313433313434313039333b757365726e616d657c733a353a2261646d696e223b67726f75707c733a313a2231223b),
('cb5feea5e617c6bfbda397caf53afb5bac3f0345', '::1', 1431403706, 0x5f5f63695f6c6173745f726567656e65726174657c693a313433313430333730303b757365726e616d657c733a353a2261646d696e223b67726f75707c733a313a2231223b),
('d16565fb973a692c79378b142d5d3a3d508809dc', '::1', 1431501222, 0x5f5f63695f6c6173745f726567656e65726174657c693a313433313530313136333b757365726e616d657c733a353a2261646d696e223b67726f75707c733a313a2231223b),
('d4705ac6d40f83af16c93ff74acec2ccb1214842', '::1', 1431598352, 0x5f5f63695f6c6173745f726567656e65726174657c693a313433313539383335323b757365726e616d657c733a353a2261646d696e223b67726f75707c733a313a2231223b),
('d89bb983993d01977f86ad140448e900d8ceffb8', '::1', 1431471590, 0x5f5f63695f6c6173745f726567656e65726174657c693a313433313437313539303b757365726e616d657c733a353a2261646d696e223b67726f75707c733a313a2231223b),
('d98f7f821117d6ae270850963ac5240042c261e7', '::1', 1431422998, 0x5f5f63695f6c6173745f726567656e65726174657c693a313433313432323939383b),
('daafbf8a5b6105a454eb9fa4a9d78aafdad4e191', '127.0.0.1', 1431473680, 0x5f5f63695f6c6173745f726567656e65726174657c693a313433313437333638303b),
('e01a9b134f01c1e3b25190ad8d8bcdce19427459', '::1', 1431479909, 0x5f5f63695f6c6173745f726567656e65726174657c693a313433313437393930393b),
('e17aa461162d47bcb574eb5cbcfc95f25c4d0825', '::1', 1431571755, 0x5f5f63695f6c6173745f726567656e65726174657c693a313433313537313735343b),
('e2f1982fa35b983c6cc220b0d09e3cafd0062c78', '::1', 1431594752, 0x5f5f63695f6c6173745f726567656e65726174657c693a313433313539343735323b757365726e616d657c733a353a2261646d696e223b67726f75707c733a313a2231223b),
('e41caed2d173a3435e828415652593d2f4da80b5', '::1', 1431421430, 0x5f5f63695f6c6173745f726567656e65726174657c693a313433313432313433303b),
('e5aef612449fcdcc30d33723ac79ee9e255e4b79', '::1', 1431401761, 0x5f5f63695f6c6173745f726567656e65726174657c693a313433313430313736313b757365726e616d657c733a353a2261646d696e223b67726f75707c733a313a2231223b),
('e6df65c2faa9b3abeb8c7d3f65fc005e9c8cab0e', '::1', 1432895972, 0x5f5f63695f6c6173745f726567656e65726174657c693a313433323839353937313b),
('e7fa541dd9636cf116aa76e7bf77ad3cf52376a6', '::1', 1431597660, 0x5f5f63695f6c6173745f726567656e65726174657c693a313433313539373636303b757365726e616d657c733a353a2261646d696e223b67726f75707c733a313a2231223b),
('e82ba570bb7a20e628c587fba64f1ea20067c4da', '::1', 1431504917, 0x5f5f63695f6c6173745f726567656e65726174657c693a313433313530343931373b757365726e616d657c733a353a2261646d696e223b67726f75707c733a313a2231223b),
('e934ac1fc8f670810382536a1e89768f4a93a8d0', '::1', 1431499698, 0x5f5f63695f6c6173745f726567656e65726174657c693a313433313439393639383b636172745f636f6e74656e74737c613a343a7b733a31303a22636172745f746f74616c223b643a32333634343b733a31313a22746f74616c5f6974656d73223b643a323b733a33323a223635313262643433643963616136653032633939306230613832363532646361223b613a373a7b733a323a226964223b733a323a223131223b733a333a22717479223b643a313b733a353a227072696365223b643a32333334343b733a343a226e616d65223b733a343a2242616a75223b733a353a227469746c65223b733a343a224b6f6b6f223b733a353a22726f776964223b733a33323a223635313262643433643963616136653032633939306230613832363532646361223b733a383a22737562746f74616c223b643a32333334343b7d733a33323a226339663066383935666239386162393135396635316664303239376532333664223b613a373a7b733a323a226964223b733a313a2238223b733a333a22717479223b643a313b733a353a227072696365223b643a3330303b733a343a226e616d65223b733a343a2242616a75223b733a353a227469746c65223b733a343a224a65616e223b733a353a22726f776964223b733a33323a226339663066383935666239386162393135396635316664303239376532333664223b733a383a22737562746f74616c223b643a3330303b7d7d),
('ea8a533be4cf22230885e3a8b1c5a2c78ecbbd4c', '::1', 1431441887, 0x5f5f63695f6c6173745f726567656e65726174657c693a313433313434313838373b757365726e616d657c733a353a2261646d696e223b67726f75707c733a313a2231223b),
('eca9a63d47d95fbc14cf837dfc76bd70a75cc794', '::1', 1431597056, 0x5f5f63695f6c6173745f726567656e65726174657c693a313433313539373035363b757365726e616d657c733a353a2261646d696e223b67726f75707c733a313a2231223b),
('ed5cf2b24f5baba138fd78588d598c01ed844a16', '127.0.0.1', 1431486257, 0x5f5f63695f6c6173745f726567656e65726174657c693a313433313438363231393b757365726e616d657c733a363a226361646d696e223b67726f75707c733a313a2232223b),
('f23970fba303687223a277a9bf6bb52cf99ef969', '::1', 1431432992, 0x5f5f63695f6c6173745f726567656e65726174657c693a313433313433323939323b),
('f468ad1945e953ec06c521f7d55d31f74adea89f', '::1', 1431498403, 0x5f5f63695f6c6173745f726567656e65726174657c693a313433313439383430333b),
('f508ac879ab82eb9a20378880a6e9bf010259d86', '::1', 1431573499, 0x5f5f63695f6c6173745f726567656e65726174657c693a313433313537333439333b757365726e616d657c733a353a2261646d696e223b67726f75707c733a313a2231223b),
('f55e7d485efeaf1e0e635f6da1cb5c66f5acba19', '::1', 1431468753, 0x5f5f63695f6c6173745f726567656e65726174657c693a313433313436383735333b757365726e616d657c733a353a2261646d696e223b67726f75707c733a313a2231223b),
('f6a72c5c29a746560b203ce0a062cd39fc53d01b', '::1', 1431470090, 0x5f5f63695f6c6173745f726567656e65726174657c693a313433313437303039303b757365726e616d657c733a353a2261646d696e223b67726f75707c733a313a2231223b),
('f70b24c9cf4844db9a494cea3b761cdbfb486c90', '::1', 1433092745, 0x5f5f63695f6c6173745f726567656e65726174657c693a313433333039323732323b757365726e616d657c733a353a2242696e6572223b67726f75707c733a313a2233223b),
('f8b52d60ce87f83174b00a97c6ac676a0a90c4b6', '::1', 1431589990, 0x5f5f63695f6c6173745f726567656e65726174657c693a313433313538393939303b757365726e616d657c733a353a2261646d696e223b67726f75707c733a313a2231223b),
('faded44d12eebad25ce0156005942bf25d7ee138', '::1', 1431479539, 0x5f5f63695f6c6173745f726567656e65726174657c693a313433313437393533393b),
('fadkimp9b4u09b1o7ik64q1iad', '::1', 1533718532, 0x5f5f63695f6c6173745f726567656e65726174657c693a313533333731383533323b757365726e616d657c733a343a2269626173223b67726f75707c733a313a2233223b),
('fbc237f9e82f42cf500483c5129ba95fdf469317', '::1', 1431436900, 0x5f5f63695f6c6173745f726567656e65726174657c693a313433313433363930303b757365726e616d657c733a353a2261646d696e223b67726f75707c733a313a2231223b),
('fd18d01a969a6f1865543b7d2725949cc05e8f90', '::1', 1431500368, 0x5f5f63695f6c6173745f726567656e65726174657c693a313433313530303336383b636172745f636f6e74656e74737c613a343a7b733a31303a22636172745f746f74616c223b643a32333634343b733a31313a22746f74616c5f6974656d73223b643a323b733a33323a223635313262643433643963616136653032633939306230613832363532646361223b613a373a7b733a323a226964223b733a323a223131223b733a333a22717479223b643a313b733a353a227072696365223b643a32333334343b733a343a226e616d65223b733a343a2242616a75223b733a353a227469746c65223b733a343a224b6f6b6f223b733a353a22726f776964223b733a33323a223635313262643433643963616136653032633939306230613832363532646361223b733a383a22737562746f74616c223b643a32333334343b7d733a33323a226339663066383935666239386162393135396635316664303239376532333664223b613a373a7b733a323a226964223b733a313a2238223b733a333a22717479223b643a313b733a353a227072696365223b643a3330303b733a343a226e616d65223b733a343a2242616a75223b733a353a227469746c65223b733a343a224a65616e223b733a353a22726f776964223b733a33323a226339663066383935666239386162393135396635316664303239376532333664223b733a383a22737562746f74616c223b643a3330303b7d7d),
('ff3a08b14c1404b3e5b2d676ba96633056fb6a4f', '::1', 1431469107, 0x5f5f63695f6c6173745f726567656e65726174657c693a313433313436393130373b757365726e616d657c733a353a2261646d696e223b67726f75707c733a313a2231223b),
('ffe8db00bef9128a8fed7f414ac2dede7e097967', '::1', 1431505561, 0x5f5f63695f6c6173745f726567656e65726174657c693a313433313530353536313b757365726e616d657c733a353a2261646d696e223b67726f75707c733a313a2231223b),
('fuv8mb2g9gjm9gu9nbtc8nrqdt', '::1', 1533718518, 0x5f5f63695f6c6173745f726567656e65726174657c693a313533333731383531383b),
('grjbkhj536kpkfkj7uei1lam4q', '::1', 1533718612, 0x5f5f63695f6c6173745f726567656e65726174657c693a313533333731383631323b),
('hoq5bl42vh91m5t8oje9dk1kfu', '::1', 1533718521, 0x5f5f63695f6c6173745f726567656e65726174657c693a313533333731383532313b),
('ief89iaaueurd3g4fru1t6kqhv', '::1', 1533718661, 0x5f5f63695f6c6173745f726567656e65726174657c693a313533333731383636313b6572726f727c733a33333a22557365726e616d65202f2050617373776f7264204e6f7420436f72726563742021223b5f5f63695f766172737c613a313a7b733a353a226572726f72223b733a333a226e6577223b7d),
('j20v4mfs3p8cllaehs3fgucoo2', '::1', 1533718590, 0x5f5f63695f6c6173745f726567656e65726174657c693a313533333731383539303b),
('omadc6gd23lrrdah04karsphm2', '::1', 1533719309, 0x5f5f63695f6c6173745f726567656e65726174657c693a313533333731393330393b6572726f727c733a32333a224d61616620616e64612062656c756d204c6f67696e2021223b5f5f63695f766172737c613a313a7b733a353a226572726f72223b733a333a226e6577223b7d),
('p6260quavkkh586je4mv73t851', '::1', 1533718527, 0x5f5f63695f6c6173745f726567656e65726174657c693a313533333731383532373b),
('prk68vcmo219riifff8v9qobun', '::1', 1533718561, 0x5f5f63695f6c6173745f726567656e65726174657c693a313533333731383536313b),
('qafp1uogkgnagso5t2lthbrshh', '::1', 1533718654, 0x5f5f63695f6c6173745f726567656e65726174657c693a313533333731383635343b),
('qoaih1tnad06qd3hotppeflpu2', '::1', 1533718625, 0x5f5f63695f6c6173745f726567656e65726174657c693a313533333731383632353b),
('rd13ep3ssfnmendtt7ps7obihm', '::1', 1533718661, 0x5f5f63695f6c6173745f726567656e65726174657c693a313533333731383636313b),
('t8krump20a4hr1l3mbs94gh1vf', '::1', 1533718522, 0x5f5f63695f6c6173745f726567656e65726174657c693a313533333731383532323b),
('unqi2gqf94du40ncq49044o7ng', '::1', 1533718561, 0x5f5f63695f6c6173745f726567656e65726174657c693a313533333731383536313b6572726f727c733a32333a224d61616620616e64612062656c756d204c6f67696e2021223b5f5f63695f766172737c613a313a7b733a353a226572726f72223b733a333a226e6577223b7d),
('vrp4hjc4f7qbsdqs3bti441car', '::1', 1533718622, 0x5f5f63695f6c6173745f726567656e65726174657c693a313533333731383632323b6572726f727c733a33333a22557365726e616d65202f2050617373776f7264204e6f7420436f72726563742021223b5f5f63695f766172737c613a313a7b733a353a226572726f72223b733a333a226e6577223b7d);

-- --------------------------------------------------------

--
-- Table structure for table `users`
--

CREATE TABLE `users` (
  `usr_id` int(10) NOT NULL,
  `usr_fn` varchar(50) NOT NULL DEFAULT '0',
  `alamat` varchar(50) NOT NULL DEFAULT '0',
  `usr_phone` varchar(50) NOT NULL DEFAULT '0',
  `usr_name` varchar(25) NOT NULL,
  `usr_email` varchar(25) NOT NULL,
  `usr_password` varchar(60) NOT NULL,
  `usr_group` tinyint(1) NOT NULL,
  `stuts` tinyint(1) NOT NULL
) ENGINE=InnoDB DEFAULT CHARSET=utf8;

--
-- Dumping data for table `users`
--

INSERT INTO `users` (`usr_id`, `usr_fn`, `alamat`, `usr_phone`, `usr_name`, `usr_email`, `usr_password`, `usr_group`, `stuts`) VALUES
(1, '0', '0', '0', 'admin', '', '21232f297a57a5a743894a0e4a801fc3', 1, 1),
(4, '0', '0', '0', 'Biner', '', 'e10adc3949ba59abbe56e057f20f883e', 3, 1),
(8, '', 'Bekasi', '08888888888', 'enzotaufan', 'enzotaufan@gmail.com', 'f707164ef84140f8b18fe9ca825ef1de', 3, 1),
(9, '', 'perum', '08971678144', 'ibas', 'muhammadnibras1@gmail.com', '4f0c6beb94590174d66943a5fdc4840c', 3, 1);

--
-- Indexes for dumped tables
--

--
-- Indexes for table `all_settings`
--
ALTER TABLE `all_settings`
  ADD PRIMARY KEY (`all_id`);

--
-- Indexes for table `groups`
--
ALTER TABLE `groups`
  ADD PRIMARY KEY (`gro_id`);

--
-- Indexes for table `invoices`
--
ALTER TABLE `invoices`
  ADD PRIMARY KEY (`id`);

--
-- Indexes for table `orders`
--
ALTER TABLE `orders`
  ADD PRIMARY KEY (`id`);

--
-- Indexes for table `products`
--
ALTER TABLE `products`
  ADD PRIMARY KEY (`pro_id`);

--
-- Indexes for table `reports`
--
ALTER TABLE `reports`
  ADD PRIMARY KEY (`rep_id`);

--
-- Indexes for table `shop_session`
--
ALTER TABLE `shop_session`
  ADD PRIMARY KEY (`id`),
  ADD KEY `ci_sessions_timestamp` (`timestamp`);

--
-- Indexes for table `users`
--
ALTER TABLE `users`
  ADD PRIMARY KEY (`usr_id`);

--
-- AUTO_INCREMENT for dumped tables
--

--
-- AUTO_INCREMENT for table `all_settings`
--
ALTER TABLE `all_settings`
  MODIFY `all_id` int(3) NOT NULL AUTO_INCREMENT, AUTO_INCREMENT=3;

--
-- AUTO_INCREMENT for table `groups`
--
ALTER TABLE `groups`
  MODIFY `gro_id` tinyint(1) NOT NULL AUTO_INCREMENT, AUTO_INCREMENT=4;

--
-- AUTO_INCREMENT for table `invoices`
--
ALTER TABLE `invoices`
  MODIFY `id` int(16) NOT NULL AUTO_INCREMENT, AUTO_INCREMENT=10001012;

--
-- AUTO_INCREMENT for table `orders`
--
ALTER TABLE `orders`
  MODIFY `id` int(16) NOT NULL AUTO_INCREMENT, AUTO_INCREMENT=10001015;

--
-- AUTO_INCREMENT for table `products`
--
ALTER TABLE `products`
  MODIFY `pro_id` int(16) NOT NULL AUTO_INCREMENT, AUTO_INCREMENT=14;

--
-- AUTO_INCREMENT for table `reports`
--
ALTER TABLE `reports`
  MODIFY `rep_id` int(9) NOT NULL AUTO_INCREMENT;

--
-- AUTO_INCREMENT for table `users`
--
ALTER TABLE `users`
  MODIFY `usr_id` int(10) NOT NULL AUTO_INCREMENT, AUTO_INCREMENT=10;
--
-- Database: `atk_sgb`
--
CREATE DATABASE IF NOT EXISTS `atk_sgb` DEFAULT CHARACTER SET latin1 COLLATE latin1_swedish_ci;
USE `atk_sgb`;

-- --------------------------------------------------------

--
-- Table structure for table `atk`
--

CREATE TABLE `atk` (
  `atk_id` varchar(11) NOT NULL,
  `produk_id` varchar(11) NOT NULL,
  `nomor_po` varchar(11) NOT NULL,
  `unit` varchar(10) NOT NULL,
  `stock` int(11) NOT NULL
) ENGINE=InnoDB DEFAULT CHARSET=latin1;

--
-- Dumping data for table `atk`
--

INSERT INTO `atk` (`atk_id`, `produk_id`, `nomor_po`, `unit`, `stock`) VALUES
('002', '313123', '001', 'pcs', 29),
('ATK001', '534', '', 'pcs', 112),
('ATK003', '456', '', 'pcs', 58);

-- --------------------------------------------------------

--
-- Table structure for table `barang_keluar`
--

CREATE TABLE `barang_keluar` (
  `no_barang_keluar` varchar(11) NOT NULL,
  `kd_divisi` varchar(11) NOT NULL,
  `produk_id` varchar(11) NOT NULL,
  `tgl_keluar` date NOT NULL,
  `unit` varchar(11) NOT NULL,
  `jumlah` int(11) NOT NULL
) ENGINE=InnoDB DEFAULT CHARSET=latin1;

--
-- Dumping data for table `barang_keluar`
--

INSERT INTO `barang_keluar` (`no_barang_keluar`, `kd_divisi`, `produk_id`, `tgl_keluar`, `unit`, `jumlah`) VALUES
('0092', 'DVS-01', '3123', '2017-06-05', 'dus', 1),
('0093', 'DVS-01', '3123', '2017-06-01', 'rim', 9),
('12313', 'DVS-01', '3123', '2017-06-01', 'pcs', 2),
('12314', 'DVS-002', '09', '2017-06-02', 'pcs', 9),
('12315', 'DVS-01', '313123', '2017-06-01', 'pcs', 20),
('12317', 'DVS-01', '313123', '2017-06-03', 'rim', 1),
('12318', 'DVS-01', '313123', '2017-06-02', 'rim', 1),
('12319', 'DVS-01', '456', '2017-06-01', 'pcs', 1),
('NO-001', 'DVS-002', '3123', '2017-06-05', 'pcs', 1),
('NO001', 'DVS-01', '456', '1970-01-01', 'pcs', 1),
('NO002', 'DVS-01', '09', '2017-06-04', 'rim', 1),
('NO003', 'DVS-01', '09', '2017-06-22', 'pcs', 2),
('NO004', 'DVS-001', '313123', '2017-06-04', 'pcs', 1),
('NO005', 'DVS-001', '09', '2017-12-01', 'pcs', 4),
('NO006', 'DVS-001', '456', '2017-12-15', 'pcs', 3),
('NO007', 'DVS-001', '456', '2017-12-09', 'pcs', 61),
('NO008', 'DVS-001', '1231', '2018-03-06', '1', 12),
('NO009', 'DVS-001', '09', '2018-03-20', 'pcs', 2);

--
-- Triggers `barang_keluar`
--
DELIMITER $$
CREATE TRIGGER `ubah_stok` AFTER INSERT ON `barang_keluar` FOR EACH ROW UPDATE atk set stock=stock - new.jumlah
where produk_id=new.produk_id
$$
DELIMITER ;

-- --------------------------------------------------------

--
-- Table structure for table `barang_keluar_detail`
--

CREATE TABLE `barang_keluar_detail` (
  `no_barang_keluar_detail` varchar(11) NOT NULL,
  `no_barang_keluar` varchar(11) NOT NULL,
  `jumlah` int(11) NOT NULL
) ENGINE=InnoDB DEFAULT CHARSET=latin1;

-- --------------------------------------------------------

--
-- Table structure for table `barang_masuk`
--

CREATE TABLE `barang_masuk` (
  `kode_masuk` varchar(11) NOT NULL,
  `produk_id` varchar(11) NOT NULL,
  `tgl_masuk` date NOT NULL,
  `unit` varchar(11) NOT NULL,
  `jumlah` int(11) NOT NULL
) ENGINE=InnoDB DEFAULT CHARSET=latin1;

--
-- Dumping data for table `barang_masuk`
--

INSERT INTO `barang_masuk` (`kode_masuk`, `produk_id`, `tgl_masuk`, `unit`, `jumlah`) VALUES
('02912', '001', '2017-06-05', 'pcs', 10),
('02913', '002', '2017-06-04', 'dus', 1),
('02914', '001', '1970-01-01', 'pcs', 20),
('02915', '002', '1970-01-01', 'pcs', 10),
('02916', '002', '1970-01-01', '12', 2),
('02917', '001', '1970-01-01', 'box', 1),
('02918', '002', '1970-01-01', 'pcs', 30),
('02919', '003', '2017-06-03', 'pcs', 1),
('02920', '313123', '2017-06-15', 'pcs', 10),
('02921', '42342', '2017-06-01', 'gerg', 10),
('02922', '313123', '1970-01-01', 'rim', 1),
('02923', '313123', '2017-06-01', 'rim', 3),
('02924', '313123', '2017-06-07', 'rim', 10),
('02925', '313123', '2017-06-05', 'rim', 9),
('BM026', '313123', '2017-06-14', 'pcs', 10),
('BM027', '313123', '2017-06-04', 'pcs', 10),
('BM028', '456', '2017-06-01', 'pcs', 12),
('BM029', '456', '2017-06-12', 'pcs', 10),
('BM030', '456', '2017-12-15', 'pcs', 33),
('BM031', '456', '2017-12-07', 'pcs', 59),
('BM032', '534', '2017-12-07', 'pcs', 12),
('BM033', '09', '2018-03-15', 'pcs', 12);

--
-- Triggers `barang_masuk`
--
DELIMITER $$
CREATE TRIGGER `tambah_stok` AFTER INSERT ON `barang_masuk` FOR EACH ROW UPDATE atk set stock=stock + new.jumlah
where produk_id=new.produk_id
$$
DELIMITER ;

-- --------------------------------------------------------

--
-- Table structure for table `barang_masuk_detail`
--

CREATE TABLE `barang_masuk_detail` (
  `kode_masuk_detail` varchar(11) NOT NULL,
  `kode_masuk` varchar(11) NOT NULL,
  `jumlah` int(11) NOT NULL
) ENGINE=InnoDB DEFAULT CHARSET=latin1;

-- --------------------------------------------------------

--
-- Table structure for table `divisi`
--

CREATE TABLE `divisi` (
  `kd_divisi` varchar(11) NOT NULL,
  `nama_divisi` varchar(40) NOT NULL
) ENGINE=InnoDB DEFAULT CHARSET=latin1;

--
-- Dumping data for table `divisi`
--

INSERT INTO `divisi` (`kd_divisi`, `nama_divisi`) VALUES
('DVS-001', 'Gudang Tekhnik');

-- --------------------------------------------------------

--
-- Table structure for table `karyawan`
--

CREATE TABLE `karyawan` (
  `karyawan_id` varchar(11) NOT NULL,
  `nama_karyawan` varchar(40) NOT NULL,
  `kd_divisi` varchar(11) NOT NULL,
  `telepon` varchar(13) NOT NULL,
  `alamat` text NOT NULL,
  `email` varchar(40) NOT NULL
) ENGINE=InnoDB DEFAULT CHARSET=latin1;

--
-- Dumping data for table `karyawan`
--

INSERT INTO `karyawan` (`karyawan_id`, `nama_karyawan`, `kd_divisi`, `telepon`, `alamat`, `email`) VALUES
('SGB-KRY001', 'Jono', 'DVS-001', '8454646', 'dadsadsada', 'anthony@gmail.com');

-- --------------------------------------------------------

--
-- Table structure for table `login`
--

CREATE TABLE `login` (
  `id_user` int(11) NOT NULL,
  `nama` varchar(32) NOT NULL,
  `email` varchar(32) NOT NULL,
  `username` varchar(32) NOT NULL,
  `password` varchar(32) NOT NULL
) ENGINE=InnoDB DEFAULT CHARSET=latin1;

--
-- Dumping data for table `login`
--

INSERT INTO `login` (`id_user`, `nama`, `email`, `username`, `password`) VALUES
(1, 'irfanbs', 'irfanbs@gmail.com', 'bayuhu', '827ccb0eea8a706c4c34a16891f84e7b'),
(2, 'gogo', 'gogo@yahoo.com', 'irfanbs', 'bayuhu'),
(3, 'tuti', 'tuti@yahoo.com', 'tutiya', 'f863f73dac5dea7f992ea467db65fb2d'),
(4, 'joko', 'joko@yahoo.com', 'joko90', '7b7f2c5e1b2aec801307fa509cdae6cf'),
(5, 'gani', 'gani80@yahoo.com', 'gani80', '116c2ff9b055f3dc3ce57f784d6ea7ce'),
(6, 'fafaf', 'bayu_rockhild@rocketmail.com', 'yuyuyu', '594f803b380a41396ed63dca39503542'),
(8, 'fdsfs', 'yuyuy@yahoo.com', 'gagaga', '594f803b380a41396ed63dca39503542');

-- --------------------------------------------------------

--
-- Table structure for table `produk`
--

CREATE TABLE `produk` (
  `produk_id` varchar(11) NOT NULL,
  `produk_nama` varchar(30) DEFAULT NULL,
  `nama_supplier` varchar(30) NOT NULL,
  `unit` varchar(10) DEFAULT NULL,
  `jumlah` int(3) DEFAULT NULL
) ENGINE=InnoDB DEFAULT CHARSET=latin1;

--
-- Dumping data for table `produk`
--

INSERT INTO `produk` (`produk_id`, `produk_nama`, `nama_supplier`, `unit`, `jumlah`) VALUES
('09', 'Jarum', 'Unileve Indonesia', 'pcs', 100),
('1231', 'dadaeqeq', 'Nato and Delicious', 'pcs', 30),
('313123', 'asdadas', 'SPL-INO-003', '312', 131),
('3133', 'dadada', 'Nato and Delicious', '1', 23),
('42342', '', 'sdfsdf', 'gerg', 0),
('456', 'Pensil', 'Kharisma Ananda', 'pcs', 1),
('534', 'Gunting', 'Nato and Delicious', 'pcs', 10),
('5353', 'ertete', 'ettertete', '4324', 423424),
('5435', '53534', 'Unileve Indonesia', 'aaaa', 12),
('ad', 'da', 'Indihome', 'aosdj', 123),
('fada', 'Clipper', 'Unileve Indonesia', '12', 20),
('PRO-OID', 'gfhfh', 'hfghf', 'hgfhf', 56);

-- --------------------------------------------------------

--
-- Table structure for table `purchase_order`
--

CREATE TABLE `purchase_order` (
  `nomor_po` varchar(11) NOT NULL,
  `supplier_id` varchar(11) NOT NULL,
  `produk_id` varchar(11) NOT NULL,
  `harga` int(11) NOT NULL,
  `jumlah_order` int(11) NOT NULL,
  `total` int(11) NOT NULL
) ENGINE=InnoDB DEFAULT CHARSET=latin1;

--
-- Dumping data for table `purchase_order`
--

INSERT INTO `purchase_order` (`nomor_po`, `supplier_id`, `produk_id`, `harga`, `jumlah_order`, `total`) VALUES
('001', 'SPL-INO-003', '3123', 9000, 2, 18000),
('002', 'SPL-INO-004', '313123', 300, 1, 300),
('003', 'SPL-UIN-002', '42342', 8000, 3, 24000);

-- --------------------------------------------------------

--
-- Table structure for table `supplier`
--

CREATE TABLE `supplier` (
  `supplier_id` varchar(11) NOT NULL,
  `nama_supplier` varchar(30) DEFAULT NULL,
  `alamat` varchar(40) DEFAULT NULL,
  `kota` varchar(30) DEFAULT NULL,
  `telepon` varchar(13) DEFAULT NULL,
  `fax` varchar(13) DEFAULT NULL,
  `email` varchar(30) DEFAULT NULL
) ENGINE=InnoDB DEFAULT CHARSET=latin1;

--
-- Dumping data for table `supplier`
--

INSERT INTO `supplier` (`supplier_id`, `nama_supplier`, `alamat`, `kota`, `telepon`, `fax`, `email`) VALUES
('SPL-IND-01', 'Indihome', 'Jakarta', 'Cengkareng', '08291293112', '08291293112', 'indihome@root.com'),
('SPL-INO-003', 'Immortal of Nato', 'Inggris', 'London', '02130231', '01293102', 'INO@factory.com'),
('SPL-INO-004', 'Kharisma Ananda', 'Jl. Diponegoro IV', NULL, '08212319012', '08212319011', 'kharisma@yahoo.com'),
('SPL-NAD-001', 'Nato and Delicious', 'Kelapa Gading', 'Jakarta', '021-88200220', '021-88200221', 'nadfactory@gmail.com'),
('SUP001', 'JayaAbadi', 'Rengasdengklok', 'Banten', '423424234', '424234242', 'jayaba#@yahoo.com');

-- --------------------------------------------------------

--
-- Table structure for table `user`
--

CREATE TABLE `user` (
  `nama_lengkap` varchar(40) NOT NULL,
  `email` varchar(30) NOT NULL,
  `username` varchar(50) NOT NULL,
  `password` varchar(100) NOT NULL,
  `status` varchar(10) NOT NULL
) ENGINE=InnoDB DEFAULT CHARSET=latin1;

--
-- Dumping data for table `user`
--

INSERT INTO `user` (`nama_lengkap`, `email`, `username`, `password`, `status`) VALUES
('', '', 'admin', '21232f297a57a5a743894a0e4a801fc3', 'admin'),
('ananda', 'anada@yahoo.com', 'anada', '109923be8c62150eac9dd658c50b129e', 'user'),
('Irfan Bayu Setiawan', 'bayu_rockhild@rocketmail.com', 'bayuhu', 'aaaaa', 'user'),
('Ibas Base', 'ibasabilowo@gmail.com', 'ibasbase', '4f0c6beb94590174d66943a5fdc4840c', 'user'),
('', '', 'user', 'ee11cbb19052e40b07aac0ca060c23ee', 'user');

--
-- Indexes for dumped tables
--

--
-- Indexes for table `atk`
--
ALTER TABLE `atk`
  ADD PRIMARY KEY (`atk_id`),
  ADD KEY `produk_id` (`produk_id`),
  ADD KEY `no_po` (`nomor_po`),
  ADD KEY `produk_id_2` (`produk_id`);

--
-- Indexes for table `barang_keluar`
--
ALTER TABLE `barang_keluar`
  ADD PRIMARY KEY (`no_barang_keluar`),
  ADD KEY `produk_id` (`produk_id`);

--
-- Indexes for table `barang_keluar_detail`
--
ALTER TABLE `barang_keluar_detail`
  ADD PRIMARY KEY (`no_barang_keluar_detail`),
  ADD KEY `ID_ATK` (`no_barang_keluar`);

--
-- Indexes for table `barang_masuk`
--
ALTER TABLE `barang_masuk`
  ADD PRIMARY KEY (`kode_masuk`),
  ADD KEY `nomor_po` (`produk_id`);

--
-- Indexes for table `barang_masuk_detail`
--
ALTER TABLE `barang_masuk_detail`
  ADD PRIMARY KEY (`kode_masuk_detail`),
  ADD KEY `kode_masuk` (`kode_masuk`);

--
-- Indexes for table `divisi`
--
ALTER TABLE `divisi`
  ADD PRIMARY KEY (`kd_divisi`);

--
-- Indexes for table `karyawan`
--
ALTER TABLE `karyawan`
  ADD PRIMARY KEY (`karyawan_id`),
  ADD KEY `kd_divisi` (`kd_divisi`),
  ADD KEY `nama_karyawan` (`nama_karyawan`);

--
-- Indexes for table `login`
--
ALTER TABLE `login`
  ADD PRIMARY KEY (`id_user`),
  ADD UNIQUE KEY `email` (`email`);

--
-- Indexes for table `produk`
--
ALTER TABLE `produk`
  ADD PRIMARY KEY (`produk_id`);

--
-- Indexes for table `purchase_order`
--
ALTER TABLE `purchase_order`
  ADD PRIMARY KEY (`nomor_po`),
  ADD KEY `supplier_id` (`supplier_id`),
  ADD KEY `produk_id` (`produk_id`);

--
-- Indexes for table `supplier`
--
ALTER TABLE `supplier`
  ADD PRIMARY KEY (`supplier_id`);

--
-- Indexes for table `user`
--
ALTER TABLE `user`
  ADD PRIMARY KEY (`username`),
  ADD UNIQUE KEY `username` (`username`),
  ADD UNIQUE KEY `username_2` (`username`);

--
-- AUTO_INCREMENT for dumped tables
--

--
-- AUTO_INCREMENT for table `login`
--
ALTER TABLE `login`
  MODIFY `id_user` int(11) NOT NULL AUTO_INCREMENT, AUTO_INCREMENT=9;
--
-- Database: `biner-shop`
--
CREATE DATABASE IF NOT EXISTS `biner-shop` DEFAULT CHARACTER SET latin1 COLLATE latin1_swedish_ci;
USE `biner-shop`;

-- --------------------------------------------------------

--
-- Table structure for table `all_settings`
--

CREATE TABLE `all_settings` (
  `all_id` int(3) NOT NULL,
  `all_name_settings` varchar(60) NOT NULL,
  `all_value_settings` varchar(60) NOT NULL
) ENGINE=InnoDB DEFAULT CHARSET=utf8;

--
-- Dumping data for table `all_settings`
--

INSERT INTO `all_settings` (`all_id`, `all_name_settings`, `all_value_settings`) VALUES
(1, 'footer', 'Copyright © Binercenter.com 2015'),
(2, 'site_name', 'Biner Shop V.1');

-- --------------------------------------------------------

--
-- Table structure for table `groups`
--

CREATE TABLE `groups` (
  `gro_id` tinyint(1) NOT NULL,
  `gro_name` varchar(60) NOT NULL
) ENGINE=InnoDB DEFAULT CHARSET=utf8;

--
-- Dumping data for table `groups`
--

INSERT INTO `groups` (`gro_id`, `gro_name`) VALUES
(1, 'admin'),
(2, 'c_admin'),
(3, 'member');

-- --------------------------------------------------------

--
-- Table structure for table `invoices`
--

CREATE TABLE `invoices` (
  `id` int(16) NOT NULL,
  `data` datetime NOT NULL,
  `due_date` datetime NOT NULL,
  `user_id` int(10) NOT NULL,
  `status` enum('paid','confirmed','unpaid','canceled','expired') NOT NULL
) ENGINE=InnoDB DEFAULT CHARSET=utf8;

-- --------------------------------------------------------

--
-- Table structure for table `orders`
--

CREATE TABLE `orders` (
  `id` int(16) NOT NULL,
  `invoice_id` int(16) NOT NULL,
  `product_id` int(16) NOT NULL,
  `product_type` varchar(60) NOT NULL,
  `product_title` varchar(60) NOT NULL,
  `qty` int(3) NOT NULL,
  `price` int(9) NOT NULL,
  `options` text NOT NULL
) ENGINE=InnoDB DEFAULT CHARSET=utf8;

-- --------------------------------------------------------

--
-- Table structure for table `products`
--

CREATE TABLE `products` (
  `pro_id` int(16) NOT NULL,
  `pro_name` varchar(50) NOT NULL,
  `pro_title` varchar(20) NOT NULL,
  `pro_description` text NOT NULL,
  `pro_price` int(9) NOT NULL,
  `pro_stock` int(3) NOT NULL,
  `pro_image` text NOT NULL
) ENGINE=InnoDB DEFAULT CHARSET=utf8;

--
-- Dumping data for table `products`
--

INSERT INTO `products` (`pro_id`, `pro_name`, `pro_title`, `pro_description`, `pro_price`, `pro_stock`, `pro_image`) VALUES
(6, 'Kopi-Gayo', 'Kopi', 'Kopi Gayo', 6, 3, 'Untitled.jpg'),
(7, 'Baju', 'Kaos Motif', 'Kerang Gayo', 90, 55, '12.jpg'),
(8, 'Baju', 'Jean', 'Jaket Jean', 300, 3, 'Hydrangeas.jpg'),
(9, 'Kopi-Gayo', 'Lakun Kopi', 'Arabika Specialty', 140000, 54, 'Lighthouse.jpg'),
(10, 'Mobile', 'Nokia', 'Jadul', 16000, 32, 'Tulips.jpg'),
(11, 'Baju', 'Koko', 'sda', 23344, 23, 'Chrysanthemum.jpg'),
(12, 'Jean', 'Celana', 'sdsfs', 100000, 6, 'Penguins.jpg'),
(13, 'Jean', 'Ponggol', 'sfsdf', 90000, 5, 'Jellyfish.jpg');

-- --------------------------------------------------------

--
-- Table structure for table `reports`
--

CREATE TABLE `reports` (
  `rep_id` int(9) NOT NULL,
  `rep_name` varchar(60) NOT NULL,
  `rep_id_product` int(9) NOT NULL,
  `rep_title_product` varchar(60) NOT NULL,
  `rep_usr_name` varchar(60) NOT NULL,
  `rep_usr_group` varchar(60) NOT NULL
) ENGINE=InnoDB DEFAULT CHARSET=utf8;

-- --------------------------------------------------------

--
-- Table structure for table `shop_session`
--

CREATE TABLE `shop_session` (
  `id` varchar(40) NOT NULL,
  `ip_address` varchar(45) NOT NULL,
  `timestamp` int(10) UNSIGNED NOT NULL DEFAULT '0',
  `data` blob NOT NULL
) ENGINE=InnoDB DEFAULT CHARSET=utf8;

--
-- Dumping data for table `shop_session`
--

INSERT INTO `shop_session` (`id`, `ip_address`, `timestamp`, `data`) VALUES
('02454e56bc6f927d45564b16c46c04d286d98965', '::1', 1431592465, 0x5f5f63695f6c6173745f726567656e65726174657c693a313433313539323436353b757365726e616d657c733a353a2261646d696e223b67726f75707c733a313a2231223b),
('03f1ca4ae4eaa23830e2569099eeb20cb6045536', '::1', 1431590570, 0x5f5f63695f6c6173745f726567656e65726174657c693a313433313539303537303b757365726e616d657c733a353a2261646d696e223b67726f75707c733a313a2231223b),
('0438ebe740ef806609b5d6dd135c4981bc0bafaa', '::1', 1431437437, 0x5f5f63695f6c6173745f726567656e65726174657c693a313433313433373330313b757365726e616d657c733a353a2261646d696e223b67726f75707c733a313a2231223b),
('046c05f2a9187acac03303698c15e208cf350482', '::1', 1431443332, 0x5f5f63695f6c6173745f726567656e65726174657c693a313433313434333333323b757365726e616d657c733a353a2261646d696e223b67726f75707c733a313a2231223b),
('051d211843fe99001c21fa82fe1364ff433b59c2', '::1', 1431434676, 0x5f5f63695f6c6173745f726567656e65726174657c693a313433313433343637363b),
('0721f2ca412df8fae13d524bdafd1a2441a07b6b', '::1', 1431440779, 0x5f5f63695f6c6173745f726567656e65726174657c693a313433313434303737383b757365726e616d657c733a353a2261646d696e223b67726f75707c733a313a2231223b),
('07c392963a173889c20875600e30fecfb4f427df', '::1', 1431443024, 0x5f5f63695f6c6173745f726567656e65726174657c693a313433313434333032343b757365726e616d657c733a353a2261646d696e223b67726f75707c733a313a2231223b),
('09e7b9ea74d4ac11171c35787f7ad1c05deabc77', '::1', 1431479138, 0x5f5f63695f6c6173745f726567656e65726174657c693a313433313437393133383b),
('0ddbea21505ad502b118e7e7c54c93d06727d40e', '::1', 1437490161, 0x5f5f63695f6c6173745f726567656e65726174657c693a313433373439303136303b),
('1340e33c8ea519717cd46daca6ecfc9dcfa375ba', '::1', 1431468170, 0x5f5f63695f6c6173745f726567656e65726174657c693a313433313436383135313b757365726e616d657c733a353a2261646d696e223b67726f75707c733a313a2231223b),
('1466bcd61bdd1e9787a6ed6c2e554a7a8611636f', '::1', 1431597986, 0x5f5f63695f6c6173745f726567656e65726174657c693a313433313539373938363b757365726e616d657c733a353a2261646d696e223b67726f75707c733a313a2231223b),
('162bb9759b4dfcbea5c12ccb6068efe82a1f14e4', '::1', 1431498777, 0x5f5f63695f6c6173745f726567656e65726174657c693a313433313439383737373b),
('17f5f3925d03c2daede0bd25ebe29d1e6fe7c763', '::1', 1434896373, 0x5f5f63695f6c6173745f726567656e65726174657c693a313433343839363337333b),
('1c1b3d322391a9f228e62d86ad37182088626a2b', '::1', 1431402532, 0x5f5f63695f6c6173745f726567656e65726174657c693a313433313430323533323b757365726e616d657c733a353a2261646d696e223b67726f75707c733a313a2231223b),
('1ea4c8628c928e81231728cd714bb9b957ed0e5f', '::1', 1431599312, 0x5f5f63695f6c6173745f726567656e65726174657c693a313433313539393331323b757365726e616d657c733a353a2261646d696e223b67726f75707c733a313a2231223b),
('1f6b51ae90cf2b18dd633218a6ca9c1ce0ffe84c', '::1', 1431478322, 0x5f5f63695f6c6173745f726567656e65726174657c693a313433313437383332323b),
('2523b762386d5ebd51b4dc16a79c3d040f93ad57', '::1', 1431505248, 0x5f5f63695f6c6173745f726567656e65726174657c693a313433313530353234383b757365726e616d657c733a353a2261646d696e223b67726f75707c733a313a2231223b),
('258eddbee06e42db2c05d3610a96ad876de5cf2d', '::1', 1431474569, 0x5f5f63695f6c6173745f726567656e65726174657c693a313433313437343536393b),
('2748555a8c3b2dbc0fba9546d573cc81ebd49315', '::1', 1431599627, 0x5f5f63695f6c6173745f726567656e65726174657c693a313433313539393632373b757365726e616d657c733a353a2261646d696e223b67726f75707c733a313a2231223b),
('28466f419050238b73087b1f36bdbcefb64ef754', '::1', 1431446036, 0x5f5f63695f6c6173745f726567656e65726174657c693a313433313434363033363b757365726e616d657c733a353a2261646d696e223b67726f75707c733a313a2231223b),
('2847d0b5daf905ed1c96d84d0a4e897194ca2014', '::1', 1431475428, 0x5f5f63695f6c6173745f726567656e65726174657c693a313433313437353432383b),
('296625390a9642115c1551a16c0c32c1617a2276', '::1', 1431593086, 0x5f5f63695f6c6173745f726567656e65726174657c693a313433313539333038363b757365726e616d657c733a353a2261646d696e223b67726f75707c733a313a2231223b),
('29c2a80deefd93bcf7d1ad0b18df8dc929450bc9', '::1', 1431402958, 0x5f5f63695f6c6173745f726567656e65726174657c693a313433313430323935383b757365726e616d657c733a353a2261646d696e223b67726f75707c733a313a2231223b),
('3155252182db4e876c2e4d200a935297661282c2', '::1', 1431500722, 0x5f5f63695f6c6173745f726567656e65726174657c693a313433313530303731333b),
('357a8722c15f2f13a4bd665968454f99cb5dff94', '::1', 1438699504, 0x5f5f63695f6c6173745f726567656e65726174657c693a313433383639393530333b),
('362a74fdaac886c0b5fd05e82b321616ea0c8e69', '::1', 1431595571, 0x5f5f63695f6c6173745f726567656e65726174657c693a313433313539353537313b757365726e616d657c733a353a2261646d696e223b67726f75707c733a313a2231223b),
('3761da4ca6ba969650b2feed93f9ba28d85f7ad2', '::1', 1431484321, 0x5f5f63695f6c6173745f726567656e65726174657c693a313433313438343332313b),
('38d9a58d2365fbcd834165945dd5cf7ba4fbee11', '::1', 1431501535, 0x5f5f63695f6c6173745f726567656e65726174657c693a313433313530313533353b757365726e616d657c733a353a2261646d696e223b67726f75707c733a313a2231223b),
('392329059a3c949f6074610c4d85ac738dc0ce10', '::1', 1431445444, 0x5f5f63695f6c6173745f726567656e65726174657c693a313433313434353433333b757365726e616d657c733a353a2261646d696e223b67726f75707c733a313a2231223b),
('3b47abec60a0a9465a28785f7803a032f3f497c7', '::1', 1431596552, 0x5f5f63695f6c6173745f726567656e65726174657c693a313433313539363535323b757365726e616d657c733a353a2261646d696e223b67726f75707c733a313a2231223b),
('412e7e3cfff901be348a108afab41a87d77ff2a2', '::1', 1431445734, 0x5f5f63695f6c6173745f726567656e65726174657c693a313433313434353733343b757365726e616d657c733a353a2261646d696e223b67726f75707c733a313a2231223b),
('437e4882a8383de2f28cd42ead8d9cb2b00c3802', '::1', 1431442274, 0x5f5f63695f6c6173745f726567656e65726174657c693a313433313434323237343b757365726e616d657c733a353a2261646d696e223b67726f75707c733a313a2231223b),
('4cab25a5064392e444813238e644c3367feaf0d4', '::1', 1431696158, 0x5f5f63695f6c6173745f726567656e65726174657c693a313433313639363036333b636172745f636f6e74656e74737c613a353a7b733a31303a22636172745f746f74616c223b643a3134313030303b733a31313a22746f74616c5f6974656d73223b643a333b733a33323a226138376666363739613266336537316439313831613637623735343231323263223b613a373a7b733a323a226964223b733a313a2234223b733a333a22717479223b643a313b733a353a227072696365223b643a34353030303b733a343a226e616d65223b733a363a224d6f62696c65223b733a353a227469746c65223b733a31363a224854432073656e736174696f6e20584c223b733a353a22726f776964223b733a33323a226138376666363739613266336537316439313831613637623735343231323263223b733a383a22737562746f74616c223b643a34353030303b7d733a33323a226534646133623766626263653233343564373737326230363734613331386435223b613a373a7b733a323a226964223b733a313a2235223b733a333a22717479223b643a313b733a353a227072696365223b643a34363030303b733a343a226e616d65223b733a363a224d6f62696c65223b733a353a227469746c65223b733a383a224970686f6e652036223b733a353a22726f776964223b733a33323a226534646133623766626263653233343564373737326230363734613331386435223b733a383a22737562746f74616c223b643a34363030303b7d733a33323a226338316537323864396434633266363336663036376638396363313438363263223b613a373a7b733a323a226964223b733a313a2232223b733a333a22717479223b643a313b733a353a227072696365223b643a35303030303b733a343a226e616d65223b733a363a224c6170746f70223b733a353a227469746c65223b733a373a22546f7368696261223b733a353a22726f776964223b733a33323a226338316537323864396434633266363336663036376638396363313438363263223b733a383a22737562746f74616c223b643a35303030303b7d7d),
('4cf954448710936feded1525f039eded3725de66', '::1', 1431574103, 0x5f5f63695f6c6173745f726567656e65726174657c693a313433313537343130333b757365726e616d657c733a353a2261646d696e223b67726f75707c733a313a2231223b),
('4d54e7e95ffc6e09081449ad953f752ec28d8bd4', '::1', 1431501839, 0x5f5f63695f6c6173745f726567656e65726174657c693a313433313530313833393b757365726e616d657c733a353a2261646d696e223b67726f75707c733a313a2231223b),
('4f017c5ff451ce5fb8f0c22247203c1fe8fd25c8', '::1', 1431480671, 0x5f5f63695f6c6173745f726567656e65726174657c693a313433313438303637313b),
('4f06b55a56fdf1e66aecda072eddc028d323027a', '::1', 1431473987, 0x5f5f63695f6c6173745f726567656e65726174657c693a313433313437333938373b),
('506a311d426ef4b6da4be8ab7ab58d4eb4c2c6c6', '::1', 1431485705, 0x5f5f63695f6c6173745f726567656e65726174657c693a313433313438353636393b757365726e616d657c733a353a2261646d696e223b67726f75707c733a313a2231223b),
('5204b6284ed0868ad400e0677a0e6b0a69b31e60', '::1', 1431435109, 0x5f5f63695f6c6173745f726567656e65726174657c693a313433313433353130313b757365726e616d657c733a353a2261646d696e223b67726f75707c733a313a2231223b),
('522fd3cedd3078fc5465c33e324aa0f7e7451630', '::1', 1431606066, 0x5f5f63695f6c6173745f726567656e65726174657c693a313433313630363036363b),
('56896a05abced275b9cd8a8e57f4deebe1982220', '::1', 1431477289, 0x5f5f63695f6c6173745f726567656e65726174657c693a313433313437373238393b),
('5a89743972fe57c6d67d6bdfec5ba43d89828abd', '::1', 1431504581, 0x5f5f63695f6c6173745f726567656e65726174657c693a313433313530343538313b757365726e616d657c733a353a2261646d696e223b67726f75707c733a313a2231223b),
('5cc5603e5d73f5f14b36be748f92e9a5710487bc', '::1', 1431763235, 0x5f5f63695f6c6173745f726567656e65726174657c693a313433313736333233353b),
('5d7d3acf146549e706e4105f894b3c7ec3572409', '::1', 1431505864, 0x5f5f63695f6c6173745f726567656e65726174657c693a313433313530353836343b),
('61a806bda81696045d21ccec8b4fe58317561060', '::1', 1431480264, 0x5f5f63695f6c6173745f726567656e65726174657c693a313433313438303236343b),
('635e04c34ed3f903ff7353531ccb4be37192c9d3', '::1', 1431598978, 0x5f5f63695f6c6173745f726567656e65726174657c693a313433313539383937383b757365726e616d657c733a353a2261646d696e223b67726f75707c733a313a2231223b),
('637fd0e9452e8e9f65c26972dfb78de50847f8b8', '::1', 1431432223, 0x5f5f63695f6c6173745f726567656e65726174657c693a313433313433323232333b),
('666d5b60ea230720eea5e45a87e5413207bddbcd', '::1', 1431444366, 0x5f5f63695f6c6173745f726567656e65726174657c693a313433313434343336363b757365726e616d657c733a353a2261646d696e223b67726f75707c733a313a2231223b),
('73c87c37832a57603235528d4ba6d752df7c6e0d', '::1', 1431696380, 0x5f5f63695f6c6173745f726567656e65726174657c693a313433313639363336373b757365726e616d657c733a393a22456d616b42696e6572223b67726f75707c733a313a2233223b),
('7bd3c0c636bc020cc4b8e4f201bb09a56f6fa34c', '::1', 1431422453, 0x5f5f63695f6c6173745f726567656e65726174657c693a313433313432323435333b),
('7cb5aead3d7a7bea34af771ed5ca602f4dbdda12', '::1', 1431470791, 0x5f5f63695f6c6173745f726567656e65726174657c693a313433313437303739313b757365726e616d657c733a353a2261646d696e223b67726f75707c733a313a2231223b),
('7dfae9c5148874baa2b311f2188986e69189afb4', '::1', 1431403295, 0x5f5f63695f6c6173745f726567656e65726174657c693a313433313430333238383b757365726e616d657c733a343a2264796161223b67726f75707c733a313a2233223b),
('7ea957ce6540d596fd4c7f7cd236995b8ba5db36', '::1', 1431422755, 0x5f5f63695f6c6173745f726567656e65726174657c693a313433313432323735353b),
('800b64d7cc1147f04b6cfc9ba984fc793dd5a732', '::1', 1431433759, 0x5f5f63695f6c6173745f726567656e65726174657c693a313433313433333735393b),
('8b810323020c4ed07af840fc9a17a45f0b739151', '::1', 1431596148, 0x5f5f63695f6c6173745f726567656e65726174657c693a313433313539363134383b757365726e616d657c733a353a2261646d696e223b67726f75707c733a313a2231223b),
('8fda1a3f60155b8e1f6f4d595ae481ea4e238655', '::1', 1431433442, 0x5f5f63695f6c6173745f726567656e65726174657c693a313433313433333434323b),
('90d648361e975eed85c4b12072d1f1f5455cb4a3', '::1', 1431500043, 0x5f5f63695f6c6173745f726567656e65726174657c693a313433313530303034333b636172745f636f6e74656e74737c613a343a7b733a31303a22636172745f746f74616c223b643a32333634343b733a31313a22746f74616c5f6974656d73223b643a323b733a33323a223635313262643433643963616136653032633939306230613832363532646361223b613a373a7b733a323a226964223b733a323a223131223b733a333a22717479223b643a313b733a353a227072696365223b643a32333334343b733a343a226e616d65223b733a343a2242616a75223b733a353a227469746c65223b733a343a224b6f6b6f223b733a353a22726f776964223b733a33323a223635313262643433643963616136653032633939306230613832363532646361223b733a383a22737562746f74616c223b643a32333334343b7d733a33323a226339663066383935666239386162393135396635316664303239376532333664223b613a373a7b733a323a226964223b733a313a2238223b733a333a22717479223b643a313b733a353a227072696365223b643a3330303b733a343a226e616d65223b733a343a2242616a75223b733a353a227469746c65223b733a343a224a65616e223b733a353a22726f776964223b733a33323a226339663066383935666239386162393135396635316664303239376532333664223b733a383a22737562746f74616c223b643a3330303b7d7d),
('91b4137b185ba3385b61637b24dc78417a4fcd76', '::1', 1431478753, 0x5f5f63695f6c6173745f726567656e65726174657c693a313433313437383735333b),
('94db78eb08374ce427801018ab2b47d5958902e6', '::1', 1431593435, 0x5f5f63695f6c6173745f726567656e65726174657c693a313433313539333433353b757365726e616d657c733a353a2261646d696e223b67726f75707c733a313a2231223b),
('99973379fd42136c97146b3b3b250a0ed7eb13bf', '::1', 1445056497, 0x5f5f63695f6c6173745f726567656e65726174657c693a313434353035363439313b757365726e616d657c733a353a2261646d696e223b67726f75707c733a313a2231223b),
('9bfd3b7f27446ef66d6e7141adfa32df47827570', '::1', 1433092269, 0x5f5f63695f6c6173745f726567656e65726174657c693a313433333039323236393b),
('9e345db250bafb464ed4f0e1d2ff2ba66ae87eb3', '::1', 1431607461, 0x5f5f63695f6c6173745f726567656e65726174657c693a313433313630373436313b),
('9e67293e05a8650eee6831f6eb9d6f890f193d84', '::1', 1431401464, 0x5f5f63695f6c6173745f726567656e65726174657c693a313433313430313435333b757365726e616d657c733a353a2261646d696e223b67726f75707c733a313a2231223b),
('9e9314c7944092f4dad0a730b10aa95b04383215', '::1', 1431499234, 0x5f5f63695f6c6173745f726567656e65726174657c693a313433313439393231363b636172745f636f6e74656e74737c613a343a7b733a31303a22636172745f746f74616c223b643a32333634343b733a31313a22746f74616c5f6974656d73223b643a323b733a33323a223635313262643433643963616136653032633939306230613832363532646361223b613a373a7b733a323a226964223b733a323a223131223b733a333a22717479223b643a313b733a353a227072696365223b643a32333334343b733a343a226e616d65223b733a343a2242616a75223b733a353a227469746c65223b733a343a224b6f6b6f223b733a353a22726f776964223b733a33323a223635313262643433643963616136653032633939306230613832363532646361223b733a383a22737562746f74616c223b643a32333334343b7d733a33323a226339663066383935666239386162393135396635316664303239376532333664223b613a373a7b733a323a226964223b733a313a2238223b733a333a22717479223b643a313b733a353a227072696365223b643a3330303b733a343a226e616d65223b733a343a2242616a75223b733a353a227469746c65223b733a343a224a65616e223b733a353a22726f776964223b733a33323a226339663066383935666239386162393135396635316664303239376532333664223b733a383a22737562746f74616c223b643a3330303b7d7d),
('9fddbf3a0eca77129df5b5584e11bff3af9bf85b', '::1', 1431442710, 0x5f5f63695f6c6173745f726567656e65726174657c693a313433313434323731303b757365726e616d657c733a353a2261646d696e223b67726f75707c733a313a2231223b),
('a4af5232f68663f2d40a2bf61825dd090e7b172c', '::1', 1431421744, 0x5f5f63695f6c6173745f726567656e65726174657c693a313433313432313734343b),
('a5c8f57adf75e265a81d440fba34678322386114', '::1', 1437491085, 0x5f5f63695f6c6173745f726567656e65726174657c693a313433373439313038353b),
('a6e90c8edad8ee49dc1c65285ce4937068d22b1a', '::1', 1431593805, 0x5f5f63695f6c6173745f726567656e65726174657c693a313433313539333830353b757365726e616d657c733a353a2261646d696e223b67726f75707c733a313a2231223b),
('a8374deb9f671bafce7981a45576695387f301f0', '::1', 1431576289, 0x5f5f63695f6c6173745f726567656e65726174657c693a313433313537363238393b757365726e616d657c733a353a2261646d696e223b67726f75707c733a313a2231223b),
('ac069d28b0a5cd4e2e684145b583b33d5c37b33c', '::1', 1431443653, 0x5f5f63695f6c6173745f726567656e65726174657c693a313433313434333635333b757365726e616d657c733a353a2261646d696e223b67726f75707c733a313a2231223b),
('b0b9494fae4b68c884cf189695d063364422aabf', '::1', 1431423723, 0x5f5f63695f6c6173745f726567656e65726174657c693a313433313432333732333b),
('b263aebf39ed1ab9941528832286d61583a180fa', '::1', 1431589636, 0x5f5f63695f6c6173745f726567656e65726174657c693a313433313538393633303b757365726e616d657c733a353a2261646d696e223b67726f75707c733a313a2231223b),
('b31328c64b0d94ac84eb7a4d8f3455dd19c4677b', '::1', 1431437681, 0x5f5f63695f6c6173745f726567656e65726174657c693a313433313433373638313b757365726e616d657c733a353a2261646d696e223b67726f75707c733a313a2231223b),
('b539c43abbbe149c45d8cfe5fe89244d04e670f8', '::1', 1431444698, 0x5f5f63695f6c6173745f726567656e65726174657c693a313433313434343639383b757365726e616d657c733a353a2261646d696e223b67726f75707c733a313a2231223b),
('b6e20d644870275da99800d43e6c598ffc17d409', '::1', 1435068509, 0x5f5f63695f6c6173745f726567656e65726174657c693a313433353036383530383b),
('b88cbc6ec918edfb0ba2ee878ee58a206d38f83d', '::1', 1431470418, 0x5f5f63695f6c6173745f726567656e65726174657c693a313433313437303431383b757365726e616d657c733a353a2261646d696e223b67726f75707c733a313a2231223b),
('b9cdb2f12aaea600ec1357c9108ffab9225a7a38', '::1', 1431444035, 0x5f5f63695f6c6173745f726567656e65726174657c693a313433313434343033353b757365726e616d657c733a353a2261646d696e223b67726f75707c733a313a2231223b),
('ba77970fdcba38c925a75b105192c1b63e4818a9', '::1', 1431473063, 0x5f5f63695f6c6173745f726567656e65726174657c693a313433313437333036333b757365726e616d657c733a353a2261646d696e223b67726f75707c733a313a2231223b),
('c0a34f960eb747f865a4a6ae49ada0947d244b7a', '127.0.0.1', 1431472461, 0x5f5f63695f6c6173745f726567656e65726174657c693a313433313437323436313b757365726e616d657c733a353a2261646d696e223b67726f75707c733a313a2231223b),
('c7d3d29749a3cf2f902963c9ace352c699550a8d', '::1', 1431472030, 0x5f5f63695f6c6173745f726567656e65726174657c693a313433313437323033303b757365726e616d657c733a353a2261646d696e223b67726f75707c733a313a2231223b),
('c8acc25ab1e76ba3f83f885b827e326d82bb061b', '::1', 1431587864, 0x5f5f63695f6c6173745f726567656e65726174657c693a313433313538373836343b),
('c97e1831226a09aac2e55c1f3e65cba57cf4de38', '::1', 1431441556, 0x5f5f63695f6c6173745f726567656e65726174657c693a313433313434313535363b757365726e616d657c733a353a2261646d696e223b67726f75707c733a313a2231223b),
('ca8a42d8257d354d97bb350537b9a11870ad6339', '::1', 1431441093, 0x5f5f63695f6c6173745f726567656e65726174657c693a313433313434313039333b757365726e616d657c733a353a2261646d696e223b67726f75707c733a313a2231223b),
('cb5feea5e617c6bfbda397caf53afb5bac3f0345', '::1', 1431403706, 0x5f5f63695f6c6173745f726567656e65726174657c693a313433313430333730303b757365726e616d657c733a353a2261646d696e223b67726f75707c733a313a2231223b),
('d16565fb973a692c79378b142d5d3a3d508809dc', '::1', 1431501222, 0x5f5f63695f6c6173745f726567656e65726174657c693a313433313530313136333b757365726e616d657c733a353a2261646d696e223b67726f75707c733a313a2231223b),
('d4705ac6d40f83af16c93ff74acec2ccb1214842', '::1', 1431598352, 0x5f5f63695f6c6173745f726567656e65726174657c693a313433313539383335323b757365726e616d657c733a353a2261646d696e223b67726f75707c733a313a2231223b),
('d89bb983993d01977f86ad140448e900d8ceffb8', '::1', 1431471590, 0x5f5f63695f6c6173745f726567656e65726174657c693a313433313437313539303b757365726e616d657c733a353a2261646d696e223b67726f75707c733a313a2231223b),
('d98f7f821117d6ae270850963ac5240042c261e7', '::1', 1431422998, 0x5f5f63695f6c6173745f726567656e65726174657c693a313433313432323939383b),
('daafbf8a5b6105a454eb9fa4a9d78aafdad4e191', '127.0.0.1', 1431473680, 0x5f5f63695f6c6173745f726567656e65726174657c693a313433313437333638303b),
('e01a9b134f01c1e3b25190ad8d8bcdce19427459', '::1', 1431479909, 0x5f5f63695f6c6173745f726567656e65726174657c693a313433313437393930393b),
('e17aa461162d47bcb574eb5cbcfc95f25c4d0825', '::1', 1431571755, 0x5f5f63695f6c6173745f726567656e65726174657c693a313433313537313735343b),
('e2f1982fa35b983c6cc220b0d09e3cafd0062c78', '::1', 1431594752, 0x5f5f63695f6c6173745f726567656e65726174657c693a313433313539343735323b757365726e616d657c733a353a2261646d696e223b67726f75707c733a313a2231223b),
('e41caed2d173a3435e828415652593d2f4da80b5', '::1', 1431421430, 0x5f5f63695f6c6173745f726567656e65726174657c693a313433313432313433303b),
('e5aef612449fcdcc30d33723ac79ee9e255e4b79', '::1', 1431401761, 0x5f5f63695f6c6173745f726567656e65726174657c693a313433313430313736313b757365726e616d657c733a353a2261646d696e223b67726f75707c733a313a2231223b),
('e6df65c2faa9b3abeb8c7d3f65fc005e9c8cab0e', '::1', 1432895972, 0x5f5f63695f6c6173745f726567656e65726174657c693a313433323839353937313b),
('e7fa541dd9636cf116aa76e7bf77ad3cf52376a6', '::1', 1431597660, 0x5f5f63695f6c6173745f726567656e65726174657c693a313433313539373636303b757365726e616d657c733a353a2261646d696e223b67726f75707c733a313a2231223b),
('e82ba570bb7a20e628c587fba64f1ea20067c4da', '::1', 1431504917, 0x5f5f63695f6c6173745f726567656e65726174657c693a313433313530343931373b757365726e616d657c733a353a2261646d696e223b67726f75707c733a313a2231223b),
('e934ac1fc8f670810382536a1e89768f4a93a8d0', '::1', 1431499698, 0x5f5f63695f6c6173745f726567656e65726174657c693a313433313439393639383b636172745f636f6e74656e74737c613a343a7b733a31303a22636172745f746f74616c223b643a32333634343b733a31313a22746f74616c5f6974656d73223b643a323b733a33323a223635313262643433643963616136653032633939306230613832363532646361223b613a373a7b733a323a226964223b733a323a223131223b733a333a22717479223b643a313b733a353a227072696365223b643a32333334343b733a343a226e616d65223b733a343a2242616a75223b733a353a227469746c65223b733a343a224b6f6b6f223b733a353a22726f776964223b733a33323a223635313262643433643963616136653032633939306230613832363532646361223b733a383a22737562746f74616c223b643a32333334343b7d733a33323a226339663066383935666239386162393135396635316664303239376532333664223b613a373a7b733a323a226964223b733a313a2238223b733a333a22717479223b643a313b733a353a227072696365223b643a3330303b733a343a226e616d65223b733a343a2242616a75223b733a353a227469746c65223b733a343a224a65616e223b733a353a22726f776964223b733a33323a226339663066383935666239386162393135396635316664303239376532333664223b733a383a22737562746f74616c223b643a3330303b7d7d),
('ea8a533be4cf22230885e3a8b1c5a2c78ecbbd4c', '::1', 1431441887, 0x5f5f63695f6c6173745f726567656e65726174657c693a313433313434313838373b757365726e616d657c733a353a2261646d696e223b67726f75707c733a313a2231223b),
('eca9a63d47d95fbc14cf837dfc76bd70a75cc794', '::1', 1431597056, 0x5f5f63695f6c6173745f726567656e65726174657c693a313433313539373035363b757365726e616d657c733a353a2261646d696e223b67726f75707c733a313a2231223b),
('ed5cf2b24f5baba138fd78588d598c01ed844a16', '127.0.0.1', 1431486257, 0x5f5f63695f6c6173745f726567656e65726174657c693a313433313438363231393b757365726e616d657c733a363a226361646d696e223b67726f75707c733a313a2232223b),
('f23970fba303687223a277a9bf6bb52cf99ef969', '::1', 1431432992, 0x5f5f63695f6c6173745f726567656e65726174657c693a313433313433323939323b),
('f468ad1945e953ec06c521f7d55d31f74adea89f', '::1', 1431498403, 0x5f5f63695f6c6173745f726567656e65726174657c693a313433313439383430333b),
('f508ac879ab82eb9a20378880a6e9bf010259d86', '::1', 1431573499, 0x5f5f63695f6c6173745f726567656e65726174657c693a313433313537333439333b757365726e616d657c733a353a2261646d696e223b67726f75707c733a313a2231223b),
('f55e7d485efeaf1e0e635f6da1cb5c66f5acba19', '::1', 1431468753, 0x5f5f63695f6c6173745f726567656e65726174657c693a313433313436383735333b757365726e616d657c733a353a2261646d696e223b67726f75707c733a313a2231223b),
('f6a72c5c29a746560b203ce0a062cd39fc53d01b', '::1', 1431470090, 0x5f5f63695f6c6173745f726567656e65726174657c693a313433313437303039303b757365726e616d657c733a353a2261646d696e223b67726f75707c733a313a2231223b),
('f70b24c9cf4844db9a494cea3b761cdbfb486c90', '::1', 1433092745, 0x5f5f63695f6c6173745f726567656e65726174657c693a313433333039323732323b757365726e616d657c733a353a2242696e6572223b67726f75707c733a313a2233223b),
('f8b52d60ce87f83174b00a97c6ac676a0a90c4b6', '::1', 1431589990, 0x5f5f63695f6c6173745f726567656e65726174657c693a313433313538393939303b757365726e616d657c733a353a2261646d696e223b67726f75707c733a313a2231223b),
('faded44d12eebad25ce0156005942bf25d7ee138', '::1', 1431479539, 0x5f5f63695f6c6173745f726567656e65726174657c693a313433313437393533393b),
('fbc237f9e82f42cf500483c5129ba95fdf469317', '::1', 1431436900, 0x5f5f63695f6c6173745f726567656e65726174657c693a313433313433363930303b757365726e616d657c733a353a2261646d696e223b67726f75707c733a313a2231223b),
('fd18d01a969a6f1865543b7d2725949cc05e8f90', '::1', 1431500368, 0x5f5f63695f6c6173745f726567656e65726174657c693a313433313530303336383b636172745f636f6e74656e74737c613a343a7b733a31303a22636172745f746f74616c223b643a32333634343b733a31313a22746f74616c5f6974656d73223b643a323b733a33323a223635313262643433643963616136653032633939306230613832363532646361223b613a373a7b733a323a226964223b733a323a223131223b733a333a22717479223b643a313b733a353a227072696365223b643a32333334343b733a343a226e616d65223b733a343a2242616a75223b733a353a227469746c65223b733a343a224b6f6b6f223b733a353a22726f776964223b733a33323a223635313262643433643963616136653032633939306230613832363532646361223b733a383a22737562746f74616c223b643a32333334343b7d733a33323a226339663066383935666239386162393135396635316664303239376532333664223b613a373a7b733a323a226964223b733a313a2238223b733a333a22717479223b643a313b733a353a227072696365223b643a3330303b733a343a226e616d65223b733a343a2242616a75223b733a353a227469746c65223b733a343a224a65616e223b733a353a22726f776964223b733a33323a226339663066383935666239386162393135396635316664303239376532333664223b733a383a22737562746f74616c223b643a3330303b7d7d),
('ff3a08b14c1404b3e5b2d676ba96633056fb6a4f', '::1', 1431469107, 0x5f5f63695f6c6173745f726567656e65726174657c693a313433313436393130373b757365726e616d657c733a353a2261646d696e223b67726f75707c733a313a2231223b),
('ffe8db00bef9128a8fed7f414ac2dede7e097967', '::1', 1431505561, 0x5f5f63695f6c6173745f726567656e65726174657c693a313433313530353536313b757365726e616d657c733a353a2261646d696e223b67726f75707c733a313a2231223b);

-- --------------------------------------------------------

--
-- Table structure for table `users`
--

CREATE TABLE `users` (
  `usr_id` int(10) NOT NULL,
  `usr_name` varchar(25) NOT NULL,
  `usr_password` varchar(60) NOT NULL,
  `usr_group` tinyint(1) NOT NULL,
  `stuts` tinyint(1) NOT NULL
) ENGINE=InnoDB DEFAULT CHARSET=utf8;

--
-- Dumping data for table `users`
--

INSERT INTO `users` (`usr_id`, `usr_name`, `usr_password`, `usr_group`, `stuts`) VALUES
(1, 'admin', '21232f297a57a5a743894a0e4a801fc3', 1, 1),
(4, 'Biner', 'e10adc3949ba59abbe56e057f20f883e', 3, 1);

--
-- Indexes for dumped tables
--

--
-- Indexes for table `all_settings`
--
ALTER TABLE `all_settings`
  ADD PRIMARY KEY (`all_id`);

--
-- Indexes for table `groups`
--
ALTER TABLE `groups`
  ADD PRIMARY KEY (`gro_id`);

--
-- Indexes for table `invoices`
--
ALTER TABLE `invoices`
  ADD PRIMARY KEY (`id`);

--
-- Indexes for table `orders`
--
ALTER TABLE `orders`
  ADD PRIMARY KEY (`id`);

--
-- Indexes for table `products`
--
ALTER TABLE `products`
  ADD PRIMARY KEY (`pro_id`);

--
-- Indexes for table `reports`
--
ALTER TABLE `reports`
  ADD PRIMARY KEY (`rep_id`);

--
-- Indexes for table `shop_session`
--
ALTER TABLE `shop_session`
  ADD PRIMARY KEY (`id`),
  ADD KEY `ci_sessions_timestamp` (`timestamp`);

--
-- Indexes for table `users`
--
ALTER TABLE `users`
  ADD PRIMARY KEY (`usr_id`);

--
-- AUTO_INCREMENT for dumped tables
--

--
-- AUTO_INCREMENT for table `all_settings`
--
ALTER TABLE `all_settings`
  MODIFY `all_id` int(3) NOT NULL AUTO_INCREMENT, AUTO_INCREMENT=3;

--
-- AUTO_INCREMENT for table `groups`
--
ALTER TABLE `groups`
  MODIFY `gro_id` tinyint(1) NOT NULL AUTO_INCREMENT, AUTO_INCREMENT=4;

--
-- AUTO_INCREMENT for table `invoices`
--
ALTER TABLE `invoices`
  MODIFY `id` int(16) NOT NULL AUTO_INCREMENT;

--
-- AUTO_INCREMENT for table `orders`
--
ALTER TABLE `orders`
  MODIFY `id` int(16) NOT NULL AUTO_INCREMENT;

--
-- AUTO_INCREMENT for table `products`
--
ALTER TABLE `products`
  MODIFY `pro_id` int(16) NOT NULL AUTO_INCREMENT, AUTO_INCREMENT=14;

--
-- AUTO_INCREMENT for table `reports`
--
ALTER TABLE `reports`
  MODIFY `rep_id` int(9) NOT NULL AUTO_INCREMENT;

--
-- AUTO_INCREMENT for table `users`
--
ALTER TABLE `users`
  MODIFY `usr_id` int(10) NOT NULL AUTO_INCREMENT, AUTO_INCREMENT=5;
--
-- Database: `dbci3`
--
CREATE DATABASE IF NOT EXISTS `dbci3` DEFAULT CHARACTER SET latin1 COLLATE latin1_swedish_ci;
USE `dbci3`;

-- --------------------------------------------------------

--
-- Table structure for table `users`
--

CREATE TABLE `users` (
  `id_user` int(11) NOT NULL,
  `nama` varchar(100) NOT NULL,
  `email` varchar(255) NOT NULL,
  `username` varchar(32) NOT NULL,
  `password` varchar(64) NOT NULL
) ENGINE=InnoDB DEFAULT CHARSET=latin1;

--
-- Dumping data for table `users`
--

INSERT INTO `users` (`id_user`, `nama`, `email`, `username`, `password`) VALUES
(1, 'muhammad nibras abilowo', 'muhammadnibras1@gmail.com', 'ibas', '4f0c6beb94590174d66943a5fdc4840c'),
(2, 'base', 'basebase@gmail.com', 'base', '42221ae13c427234b08a21d229eb2ad9'),
(3, 'abilowo', 'abilowo@gmail.com', 'abilowo', '6907be4373d3f9abcd52bc44934be66d'),
(4, 'rijal', 'rijalsayangdia@gmail.com', 'rijal', '25e8281c69ae6a68e92139c790f1956d'),
(5, 'jumadi', 'jumadi@gmail.com', 'jumadi', 'abfdf17a954abd2e107d6906e9989abd'),
(6, 'adit', 'adit@gmail.com', 'adit', '486b6c6b267bc61677367eb6b6458764'),
(7, 'base', 'base@gmail.com', 'base', '42221ae13c427234b08a21d229eb2ad9'),
(8, 'ulfa', 'ulfa@gmail.com', 'ulfa', '59a3da743682232b5d4723557a8f6a29'),
(9, 'jono', 'jono@gmail.com', 'jono', '42867493d4d4874f331d288df0044baa'),
(10, 'abcd', 'abcd@gmail.com', 'abcd', 'e2fc714c4727ee9395f324cd2e7f331f'),
(11, 'bayu', 'bayu@gmail.com', 'bayu', 'a430e06de5ce438d499c2e4063d60fd6'),
(12, 'bocil', 'bocil123@gmail.com', 'bocil', 'a8f5f167f44f4964e6c998dee827110c'),
(13, 'asdasd', 'asdasd@gmail.com', 'asdasd', 'a8f5f167f44f4964e6c998dee827110c'),
(14, 'ibas', 'ibasbase@gmail.com', 'ibasbase', '4f0c6beb94590174d66943a5fdc4840c');

--
-- Indexes for dumped tables
--

--
-- Indexes for table `users`
--
ALTER TABLE `users`
  ADD PRIMARY KEY (`id_user`),
  ADD UNIQUE KEY `email` (`email`);

--
-- AUTO_INCREMENT for dumped tables
--

--
-- AUTO_INCREMENT for table `users`
--
ALTER TABLE `users`
  MODIFY `id_user` int(11) NOT NULL AUTO_INCREMENT, AUTO_INCREMENT=15;
--
-- Database: `dbloginmultilevel`
--
CREATE DATABASE IF NOT EXISTS `dbloginmultilevel` DEFAULT CHARACTER SET latin1 COLLATE latin1_swedish_ci;
USE `dbloginmultilevel`;

-- --------------------------------------------------------

--
-- Table structure for table `tbuser`
--

CREATE TABLE `tbuser` (
  `id_user` int(11) NOT NULL,
  `username` varchar(35) NOT NULL,
  `password` varchar(35) NOT NULL,
  `level` enum('siswa','guru','admin','') NOT NULL,
  `pengguna` enum('driver','supir') NOT NULL
) ENGINE=InnoDB DEFAULT CHARSET=latin1;

--
-- Dumping data for table `tbuser`
--

INSERT INTO `tbuser` (`id_user`, `username`, `password`, `level`, `pengguna`) VALUES
(1, 'ibas', 'ibasbase', 'admin', 'driver'),
(2, 'base', 'basebase', 'guru', 'driver'),
(3, 'abilowo', 'abilowo', 'siswa', 'driver');

--
-- Indexes for dumped tables
--

--
-- Indexes for table `tbuser`
--
ALTER TABLE `tbuser`
  ADD PRIMARY KEY (`id_user`);

--
-- AUTO_INCREMENT for dumped tables
--

--
-- AUTO_INCREMENT for table `tbuser`
--
ALTER TABLE `tbuser`
  MODIFY `id_user` int(11) NOT NULL AUTO_INCREMENT, AUTO_INCREMENT=4;
--
-- Database: `db_indobarca`
--
CREATE DATABASE IF NOT EXISTS `db_indobarca` DEFAULT CHARACTER SET latin1 COLLATE latin1_swedish_ci;
USE `db_indobarca`;

-- --------------------------------------------------------

--
-- Table structure for table `barang`
--

CREATE TABLE `barang` (
  `id` int(11) NOT NULL,
  `nama_barang` varchar(30) DEFAULT NULL,
  `harga` double DEFAULT NULL,
  `ket_gambar` text,
  `foto` text
) ENGINE=InnoDB DEFAULT CHARSET=latin1;

--
-- Dumping data for table `barang`
--

INSERT INTO `barang` (`id`, `nama_barang`, `harga`, `ket_gambar`, `foto`) VALUES
(1, 'Jersey 2014/2015a', 80000, 'Jersey Home 2014/2015', '19077_fc-barcelona-ucl-home-jersey-2016-17-full-version_09_s.png'),
(4, 'Jersey 2015/2016', 200000, 'Jersey Home', 'barcelona-16-17-home-kit-3.jpg'),
(5, 'Syal', 50000, 'Syal Barca 2015/2016', '34460.jpg'),
(6, 'asd', 0, 'as', '05.jpg');

-- --------------------------------------------------------

--
-- Table structure for table `cabang`
--

CREATE TABLE `cabang` (
  `id` int(11) NOT NULL,
  `nama_cabang` varchar(50) DEFAULT NULL,
  `nama_atasan` varchar(50) DEFAULT NULL,
  `telepon` varchar(13) DEFAULT NULL,
  `alamat` text
) ENGINE=InnoDB DEFAULT CHARSET=latin1;

--
-- Dumping data for table `cabang`
--

INSERT INTO `cabang` (`id`, `nama_cabang`, `nama_atasan`, `telepon`, `alamat`) VALUES
(1, 'INDOBARCA_Tambun', 'Aditria', '085781476040', 'Papan Mas, Tambun Selatan'),
(2, 'INDOBARCA_Bekasi', 'Alvian', '089678654653', 'Margahayu, Bekasi Timur'),
(4, 'INDOBARCA_Cibitung', 'Syifa Awlia', '085678654611', 'Rasuna Said, Cibitung');

-- --------------------------------------------------------

--
-- Table structure for table `member`
--

CREATE TABLE `member` (
  `id` int(11) NOT NULL,
  `nama` varchar(30) DEFAULT NULL,
  `jk` varchar(7) DEFAULT NULL,
  `tgl_lahir` date DEFAULT NULL,
  `telepon` varchar(13) DEFAULT NULL,
  `email` varchar(30) DEFAULT NULL,
  `password` varchar(30) DEFAULT NULL,
  `alamat` text,
  `foto` varchar(30) DEFAULT NULL
) ENGINE=InnoDB DEFAULT CHARSET=latin1;

--
-- Dumping data for table `member`
--

INSERT INTO `member` (`id`, `nama`, `jk`, `tgl_lahir`, `telepon`, `email`, `password`, `alamat`, `foto`) VALUES
(1, 'Aditria Pardana', 'P', '1996-06-20', '085781476040', 'aditria.pardana@yahoo.co.id', '123457', 'Papan Mas, Tambun Selatan', '05.jpg'),
(2, 'Alfian', 'P', '1993-03-18', '087812653135', 'alfian.fitra@gmail.com', '123456', 'Margahayu, Bekasi Timur', '01_warteg.jpeg'),
(3, 'Ari Febria', 'W', '1994-02-11', '089823567254', 'arifebria@gmail.com', '987165', 'Rangasdeklok, Solo', 'beng.jpg'),
(4, '', 'P', '0000-00-00', '', '', '', '', 'Desert.jpg');

--
-- Indexes for dumped tables
--

--
-- Indexes for table `barang`
--
ALTER TABLE `barang`
  ADD PRIMARY KEY (`id`);

--
-- Indexes for table `cabang`
--
ALTER TABLE `cabang`
  ADD PRIMARY KEY (`id`);

--
-- Indexes for table `member`
--
ALTER TABLE `member`
  ADD PRIMARY KEY (`id`);

--
-- AUTO_INCREMENT for dumped tables
--

--
-- AUTO_INCREMENT for table `barang`
--
ALTER TABLE `barang`
  MODIFY `id` int(11) NOT NULL AUTO_INCREMENT, AUTO_INCREMENT=7;

--
-- AUTO_INCREMENT for table `cabang`
--
ALTER TABLE `cabang`
  MODIFY `id` int(11) NOT NULL AUTO_INCREMENT, AUTO_INCREMENT=5;

--
-- AUTO_INCREMENT for table `member`
--
ALTER TABLE `member`
  MODIFY `id` int(11) NOT NULL AUTO_INCREMENT, AUTO_INCREMENT=5;
--
-- Database: `db_isejahtera`
--
CREATE DATABASE IF NOT EXISTS `db_isejahtera` DEFAULT CHARACTER SET latin1 COLLATE latin1_swedish_ci;
USE `db_isejahtera`;

-- --------------------------------------------------------

--
-- Table structure for table `barang`
--

CREATE TABLE `barang` (
  `kode_barang` varchar(10) NOT NULL,
  `kode_jenis` varchar(10) DEFAULT NULL,
  `nama_barang` varchar(100) DEFAULT NULL,
  `unit` varchar(5) DEFAULT NULL,
  `created_at` date DEFAULT NULL,
  `updated_at` date DEFAULT NULL
) ENGINE=InnoDB DEFAULT CHARSET=latin1;

--
-- Dumping data for table `barang`
--

INSERT INTO `barang` (`kode_barang`, `kode_jenis`, `nama_barang`, `unit`, `created_at`, `updated_at`) VALUES
('BRG0000001', 'JNS0000001', 'MO65', 'PCS', '2017-09-24', '2017-09-25'),
('BRG0000002', 'JNS0000002', 'Cat Yellow', 'PCS', '2017-09-24', '2017-09-25'),
('BRG0000003', 'JNS0000003', 'Cannon', 'DUS', '2017-09-25', NULL),
('BRG0000004', 'JNS0000003', 'XP', 'DUS', '2017-09-26', '2017-10-02'),
('BRG0000005', 'JNS0000001', 'SM52', 'DUS', '2017-10-02', '2017-10-02'),
('BRG0000006', 'JNS0000002', 'A3+', 'DUS', '2017-10-11', '2018-04-05'),
('BRG0000007', 'JNS0000004', 'HVS', 'DUS', '2017-10-22', '2018-05-08'),
('BRG0000008', 'JNS0000005', 'asd', 'PCS', '2018-03-09', '2018-04-05');

-- --------------------------------------------------------

--
-- Table structure for table `barang_keluar`
--

CREATE TABLE `barang_keluar` (
  `trans_keluar` varchar(10) NOT NULL,
  `kode_barang` varchar(10) DEFAULT NULL,
  `jumlah_keluar` int(4) DEFAULT NULL,
  `tanggal_keluar` date DEFAULT NULL,
  `created_at` date DEFAULT NULL,
  `updated_at` date DEFAULT NULL
) ENGINE=InnoDB DEFAULT CHARSET=latin1;

--
-- Dumping data for table `barang_keluar`
--

INSERT INTO `barang_keluar` (`trans_keluar`, `kode_barang`, `jumlah_keluar`, `tanggal_keluar`, `created_at`, `updated_at`) VALUES
('TRK0000001', 'BRG0000001', 2, '2017-10-03', '2017-10-03', NULL),
('TRK0000002', 'BRG0000003', 4, '2017-10-03', '2017-10-03', '2017-10-03'),
('TRK0000003', 'BRG0000001', 6, '2017-11-29', '2017-11-29', NULL),
('TRK0000004', 'BRG0000005', 3, '2017-12-14', '2017-12-09', NULL),
('TRK0000005', 'BRG0000007', 3, '2018-01-22', '2018-01-29', NULL),
('TRK0000006', 'BRG0000006', 3, '2018-02-20', '2018-02-09', NULL),
('TRK0000007', 'BRG0000006', 3, '2018-02-14', '2018-02-09', NULL),
('TRK0000008', 'BRG0000006', 12, '2018-02-10', '2018-02-09', NULL),
('TRK0000009', 'BRG0000006', 2, '2018-02-09', '2018-02-09', NULL);

--
-- Triggers `barang_keluar`
--
DELIMITER $$
CREATE TRIGGER `transaksi_keluar` AFTER INSERT ON `barang_keluar` FOR EACH ROW UPDATE gudang SET stok = stok - new.jumlah_keluar
WHERE kode_barang = new.kode_barang
$$
DELIMITER ;
DELIMITER $$
CREATE TRIGGER `update_keluar` AFTER UPDATE ON `barang_keluar` FOR EACH ROW UPDATE gudang SET stok = stok - new.jumlah_keluar
WHERE kode_barang = new.kode_barang
$$
DELIMITER ;

-- --------------------------------------------------------

--
-- Table structure for table `barang_masuk`
--

CREATE TABLE `barang_masuk` (
  `trans_masuk` varchar(10) NOT NULL,
  `kode_barang` varchar(10) DEFAULT NULL,
  `kode_supplier` varchar(10) DEFAULT NULL,
  `tanggal_masuk` date DEFAULT NULL,
  `jumlah_masuk` int(3) DEFAULT NULL,
  `created_at` date DEFAULT NULL,
  `updated_at` date DEFAULT NULL
) ENGINE=InnoDB DEFAULT CHARSET=latin1;

--
-- Dumping data for table `barang_masuk`
--

INSERT INTO `barang_masuk` (`trans_masuk`, `kode_barang`, `kode_supplier`, `tanggal_masuk`, `jumlah_masuk`, `created_at`, `updated_at`) VALUES
('TRM0000001', 'BRG0000004', NULL, '2018-01-09', 20, '2017-09-26', '2018-01-17'),
('TRM0000002', 'BRG0000002', NULL, '2017-09-27', 2, '2017-09-19', '2017-09-27'),
('TRM0000003', 'BRG0000005', NULL, '2017-10-02', 3, '2017-10-02', '2017-10-02'),
('TRM0000004', 'BRG0000003', NULL, '2017-10-03', 15, '2017-10-03', NULL),
('TRM0000005', 'BRG0000006', NULL, '2017-10-24', 3, '2017-10-24', NULL),
('TRM0000006', 'BRG0000007', NULL, '2018-01-08', 4, '2017-10-24', '2018-01-17'),
('TRM0000007', 'BRG0000006', NULL, '2017-11-29', 20, '2017-11-29', NULL),
('TRM0000008', 'BRG0000003', NULL, '2018-01-01', 2, '2018-01-17', NULL),
('TRM0000009', 'BRG0000007', NULL, '2018-01-17', 1, '2018-01-17', NULL),
('TRM0000010', 'BRG0000006', NULL, '2018-02-09', 30, '2018-02-09', NULL),
('TRM0000011', 'BRG0000005', NULL, '2018-02-09', 45, '2018-02-09', NULL),
('TRM0000012', 'BRG0000006', NULL, '2018-03-05', 12, '2018-03-09', NULL),
('TRM0000013', 'BRG0000003', NULL, '2018-03-12', 20, '2018-03-09', NULL),
('TRM0000014', 'BRG0000007', NULL, '2018-03-24', 21, '2018-03-23', NULL),
('TRM0000015', 'BRG0000006', NULL, '2018-03-23', 1, '2018-03-23', NULL),
('TRM0000016', 'BRG0000007', NULL, '2018-03-23', 2, '2018-03-23', NULL);

--
-- Triggers `barang_masuk`
--
DELIMITER $$
CREATE TRIGGER `transaksi_masuk` AFTER INSERT ON `barang_masuk` FOR EACH ROW UPDATE gudang SET stok = stok + new.jumlah_masuk
WHERE kode_barang = new.kode_barang
$$
DELIMITER ;

-- --------------------------------------------------------

--
-- Table structure for table `detail_masuk`
--

CREATE TABLE `detail_masuk` (
  `id_detail` int(11) NOT NULL,
  `trans_masuk` varchar(10) DEFAULT NULL,
  `kode_barang` varchar(10) DEFAULT NULL,
  `unit` varchar(4) DEFAULT NULL,
  `harga` double DEFAULT NULL,
  `jumlah` int(4) DEFAULT NULL,
  `sub_total` double DEFAULT NULL
) ENGINE=InnoDB DEFAULT CHARSET=latin1;

--
-- Dumping data for table `detail_masuk`
--

INSERT INTO `detail_masuk` (`id_detail`, `trans_masuk`, `kode_barang`, `unit`, `harga`, `jumlah`, `sub_total`) VALUES
(1, 'TRM0000003', 'BRG0000001', 'PCS', 20000, 1, 20000),
(2, 'TRM0000003', 'BRG0000002', 'DUS', 30000, 1, 30000);

-- --------------------------------------------------------

--
-- Table structure for table `gudang`
--

CREATE TABLE `gudang` (
  `id_gudang` int(11) NOT NULL,
  `kode_barang` varchar(10) DEFAULT NULL,
  `stok` int(3) DEFAULT NULL,
  `created_at` date DEFAULT NULL,
  `updated_at` date DEFAULT NULL
) ENGINE=InnoDB DEFAULT CHARSET=latin1;

--
-- Dumping data for table `gudang`
--

INSERT INTO `gudang` (`id_gudang`, `kode_barang`, `stok`, `created_at`, `updated_at`) VALUES
(1, 'BRG0000001', 19, '2017-09-25', '2017-09-26'),
(2, 'BRG0000002', 13, '2017-09-26', NULL),
(5, 'BRG0000003', 34, '2017-09-26', '2017-09-26'),
(6, 'BRG0000006', 68, '2017-10-24', NULL);

-- --------------------------------------------------------

--
-- Table structure for table `jenis`
--

CREATE TABLE `jenis` (
  `kode_jenis` varchar(10) NOT NULL,
  `nama_jenis` varchar(20) DEFAULT NULL,
  `created_at` date DEFAULT NULL,
  `updated_at` date DEFAULT NULL
) ENGINE=InnoDB DEFAULT CHARSET=latin1;

--
-- Dumping data for table `jenis`
--

INSERT INTO `jenis` (`kode_jenis`, `nama_jenis`, `created_at`, `updated_at`) VALUES
('JNS0000001', 'Plat', '2017-09-24', NULL),
('JNS0000002', 'Catt', '2017-09-23', '2018-06-16'),
('JNS0000003', 'Printerr', '2017-09-25', '2018-06-16'),
('JNS0000004', 'Kertas', '2017-10-03', NULL),
('JNS0000005', 'asd', '2018-03-09', NULL),
('JNS0000006', 'asdasd', '2018-03-19', NULL);

-- --------------------------------------------------------

--
-- Table structure for table `supplier`
--

CREATE TABLE `supplier` (
  `kode_supplier` varchar(10) NOT NULL,
  `nama_supplier` varchar(75) DEFAULT NULL,
  `no_telp` varchar(13) DEFAULT NULL,
  `alamat` text,
  `created_at` date DEFAULT NULL,
  `updated_at` date DEFAULT NULL
) ENGINE=InnoDB DEFAULT CHARSET=latin1;

--
-- Dumping data for table `supplier`
--

INSERT INTO `supplier` (`kode_supplier`, `nama_supplier`, `no_telp`, `alamat`, `created_at`, `updated_at`) VALUES
('SPL0000001', 'PT. APF Channel', '085781476040', 'Papan Mas, Tambun Selatan', '2017-10-02', NULL),
('SPL0000002', 'PT. Sosro Indonesia', '021876574524', 'Indoporlen, Bekasi Timur', '2017-10-02', NULL),
('SPL0000003', 'PT. Coca Cola Amatil Indonesia', '087810218732', 'Karawang, Cibitung Utara', '2017-10-02', '2017-10-02');

-- --------------------------------------------------------

--
-- Table structure for table `user`
--

CREATE TABLE `user` (
  `id_user` int(11) NOT NULL,
  `username` varchar(20) DEFAULT NULL,
  `password` varchar(100) DEFAULT NULL,
  `status` varchar(10) DEFAULT NULL
) ENGINE=InnoDB DEFAULT CHARSET=latin1;

--
-- Dumping data for table `user`
--

INSERT INTO `user` (`id_user`, `username`, `password`, `status`) VALUES
(1, 'admin', '21232f297a57a5a743894a0e4a801fc3', 'admin'),
(2, 'user', 'ee11cbb19052e40b07aac0ca060c23ee', 'user');

--
-- Indexes for dumped tables
--

--
-- Indexes for table `barang`
--
ALTER TABLE `barang`
  ADD PRIMARY KEY (`kode_barang`);

--
-- Indexes for table `barang_keluar`
--
ALTER TABLE `barang_keluar`
  ADD PRIMARY KEY (`trans_keluar`);

--
-- Indexes for table `barang_masuk`
--
ALTER TABLE `barang_masuk`
  ADD PRIMARY KEY (`trans_masuk`);

--
-- Indexes for table `detail_masuk`
--
ALTER TABLE `detail_masuk`
  ADD PRIMARY KEY (`id_detail`);

--
-- Indexes for table `gudang`
--
ALTER TABLE `gudang`
  ADD PRIMARY KEY (`id_gudang`);

--
-- Indexes for table `jenis`
--
ALTER TABLE `jenis`
  ADD PRIMARY KEY (`kode_jenis`);

--
-- Indexes for table `supplier`
--
ALTER TABLE `supplier`
  ADD PRIMARY KEY (`kode_supplier`);

--
-- Indexes for table `user`
--
ALTER TABLE `user`
  ADD PRIMARY KEY (`id_user`);

--
-- AUTO_INCREMENT for dumped tables
--

--
-- AUTO_INCREMENT for table `detail_masuk`
--
ALTER TABLE `detail_masuk`
  MODIFY `id_detail` int(11) NOT NULL AUTO_INCREMENT, AUTO_INCREMENT=3;

--
-- AUTO_INCREMENT for table `gudang`
--
ALTER TABLE `gudang`
  MODIFY `id_gudang` int(11) NOT NULL AUTO_INCREMENT, AUTO_INCREMENT=7;

--
-- AUTO_INCREMENT for table `user`
--
ALTER TABLE `user`
  MODIFY `id_user` int(11) NOT NULL AUTO_INCREMENT, AUTO_INCREMENT=3;
--
-- Database: `db_paf_distro`
--
CREATE DATABASE IF NOT EXISTS `db_paf_distro` DEFAULT CHARACTER SET latin1 COLLATE latin1_swedish_ci;
USE `db_paf_distro`;

-- --------------------------------------------------------

--
-- Table structure for table `barang`
--

CREATE TABLE `barang` (
  `id_barang` int(11) NOT NULL,
  `id_jenis_barang` int(11) NOT NULL,
  `nama_barang` varchar(50) DEFAULT NULL,
  `stok` int(11) DEFAULT NULL,
  `harga_beli` double DEFAULT NULL,
  `harga_jual` double DEFAULT NULL
) ENGINE=InnoDB DEFAULT CHARSET=latin1;

--
-- Dumping data for table `barang`
--

INSERT INTO `barang` (`id_barang`, `id_jenis_barang`, `nama_barang`, `stok`, `harga_beli`, `harga_jual`) VALUES
(3, 2, 'kemeja', 20, 150000, 160000),
(4, 23, 'polo', 12, 80000, 90000),
(5, 2, 'sempak', 12, 100000, 120000),
(6, 2, '', 0, 0, 0),
(7, 0, '', 0, 0, 0),
(8, 0, '', 0, 0, 0),
(9, 0, 'bfdsgfd', 0, 0, 0);

-- --------------------------------------------------------

--
-- Table structure for table `jenis_barang`
--

CREATE TABLE `jenis_barang` (
  `id_jenis_barang` int(11) NOT NULL,
  `nama_jenis` varchar(50) DEFAULT NULL
) ENGINE=InnoDB DEFAULT CHARSET=latin1;

--
-- Dumping data for table `jenis_barang`
--

INSERT INTO `jenis_barang` (`id_jenis_barang`, `nama_jenis`) VALUES
(2, 'kancuta'),
(5, 'panjang'),
(6, 'joger'),
(7, 'sepatu'),
(8, 'motor');

-- --------------------------------------------------------

--
-- Table structure for table `supplier`
--

CREATE TABLE `supplier` (
  `id_supplier` int(11) NOT NULL,
  `nama_supplier` varchar(50) DEFAULT NULL,
  `nama_barang` varchar(30) DEFAULT NULL,
  `no_telp` varchar(13) DEFAULT NULL,
  `alamat` text
) ENGINE=InnoDB DEFAULT CHARSET=latin1;

--
-- Dumping data for table `supplier`
--

INSERT INTO `supplier` (`id_supplier`, `nama_supplier`, `nama_barang`, `no_telp`, `alamat`) VALUES
(1, 'PT. Hofz Indonesia', 'Front Axle Assy', '08971678142', 'Jl. Flores III Blok C3/B3'),
(2, 'PT. Sekawan Putra Makmur', 'Transfer Assy', '08976512312', 'Jababeka');

-- --------------------------------------------------------

--
-- Table structure for table `user`
--

CREATE TABLE `user` (
  `id_user` int(11) NOT NULL,
  `nama_user` varchar(50) DEFAULT NULL,
  `username` varchar(20) DEFAULT NULL,
  `password` varchar(100) DEFAULT NULL,
  `email` varchar(50) DEFAULT NULL,
  `level` varchar(10) DEFAULT NULL
) ENGINE=InnoDB DEFAULT CHARSET=latin1;

--
-- Dumping data for table `user`
--

INSERT INTO `user` (`id_user`, `nama_user`, `username`, `password`, `email`, `level`) VALUES
(1, 'ibas', 'ibasbase', '4f0c6beb94590174d66943a5fdc4840c', 'ibasbase@gmail.com', 'admin');

--
-- Indexes for dumped tables
--

--
-- Indexes for table `barang`
--
ALTER TABLE `barang`
  ADD PRIMARY KEY (`id_barang`);

--
-- Indexes for table `jenis_barang`
--
ALTER TABLE `jenis_barang`
  ADD PRIMARY KEY (`id_jenis_barang`);

--
-- Indexes for table `supplier`
--
ALTER TABLE `supplier`
  ADD PRIMARY KEY (`id_supplier`);

--
-- Indexes for table `user`
--
ALTER TABLE `user`
  ADD PRIMARY KEY (`id_user`),
  ADD UNIQUE KEY `email` (`email`);

--
-- AUTO_INCREMENT for dumped tables
--

--
-- AUTO_INCREMENT for table `barang`
--
ALTER TABLE `barang`
  MODIFY `id_barang` int(11) NOT NULL AUTO_INCREMENT, AUTO_INCREMENT=10;

--
-- AUTO_INCREMENT for table `jenis_barang`
--
ALTER TABLE `jenis_barang`
  MODIFY `id_jenis_barang` int(11) NOT NULL AUTO_INCREMENT, AUTO_INCREMENT=9;

--
-- AUTO_INCREMENT for table `supplier`
--
ALTER TABLE `supplier`
  MODIFY `id_supplier` int(11) NOT NULL AUTO_INCREMENT, AUTO_INCREMENT=3;

--
-- AUTO_INCREMENT for table `user`
--
ALTER TABLE `user`
  MODIFY `id_user` int(11) NOT NULL AUTO_INCREMENT, AUTO_INCREMENT=2;
--
-- Database: `escolem`
--
CREATE DATABASE IF NOT EXISTS `escolem` DEFAULT CHARACTER SET latin1 COLLATE latin1_swedish_ci;
USE `escolem`;

-- --------------------------------------------------------

--
-- Table structure for table `migrations`
--

CREATE TABLE `migrations` (
  `id` int(10) UNSIGNED NOT NULL,
  `migration` varchar(255) COLLATE utf8mb4_unicode_ci NOT NULL,
  `batch` int(11) NOT NULL
) ENGINE=InnoDB DEFAULT CHARSET=utf8mb4 COLLATE=utf8mb4_unicode_ci;

-- --------------------------------------------------------

--
-- Table structure for table `users`
--

CREATE TABLE `users` (
  `id` int(10) UNSIGNED NOT NULL,
  `name` varchar(255) COLLATE utf8mb4_unicode_ci NOT NULL,
  `email` varchar(255) COLLATE utf8mb4_unicode_ci NOT NULL,
  `password` varchar(255) COLLATE utf8mb4_unicode_ci NOT NULL,
  `remember_token` varchar(100) COLLATE utf8mb4_unicode_ci DEFAULT NULL,
  `created_at` timestamp NULL DEFAULT NULL,
  `updated_at` timestamp NULL DEFAULT NULL
) ENGINE=InnoDB DEFAULT CHARSET=utf8mb4 COLLATE=utf8mb4_unicode_ci;

--
-- Dumping data for table `users`
--

INSERT INTO `users` (`id`, `name`, `email`, `password`, `remember_token`, `created_at`, `updated_at`) VALUES
(1, 'ibas', 'muhammadnibras1@gmail.com', '$2y$10$/f4GVsRpRwETwDfWoGzsqeiH3UeGrlalUsSE9Tvsl2izpjPIjPGkO', 'XE8SpM4ci447SxrbaCcpmC4YloLCtvPdF7pg7O3tRo3zZDKOwgCOrA4R770l', '2018-01-26 06:28:21', '2018-01-26 06:28:21'),
(2, 'anaba', 'anaba@yasin.com', '$2y$10$EI/2gVJPekRbWDmPfCe7e.UxVo6YdpLFxZlAbWnYkfqLPnpRvAMRC', 'WWhvoAlEXiXkFf7FAyaQJ8PXul3jKqmdZn40yplhxpbrOlwi008L5xym7YFt', '2018-01-26 07:00:42', '2018-01-26 07:00:42');

--
-- Indexes for dumped tables
--

--
-- Indexes for table `migrations`
--
ALTER TABLE `migrations`
  ADD PRIMARY KEY (`id`);

--
-- Indexes for table `users`
--
ALTER TABLE `users`
  ADD PRIMARY KEY (`id`);

--
-- AUTO_INCREMENT for dumped tables
--

--
-- AUTO_INCREMENT for table `migrations`
--
ALTER TABLE `migrations`
  MODIFY `id` int(10) UNSIGNED NOT NULL AUTO_INCREMENT;

--
-- AUTO_INCREMENT for table `users`
--
ALTER TABLE `users`
  MODIFY `id` int(10) UNSIGNED NOT NULL AUTO_INCREMENT, AUTO_INCREMENT=3;
--
-- Database: `inner_join`
--
CREATE DATABASE IF NOT EXISTS `inner_join` DEFAULT CHARACTER SET latin1 COLLATE latin1_swedish_ci;
USE `inner_join`;

-- --------------------------------------------------------

--
-- Table structure for table `barang`
--

CREATE TABLE `barang` (
  `id` int(11) NOT NULL,
  `kode_barang` varchar(50) NOT NULL,
  `nama_barang` varchar(50) NOT NULL,
  `jumlah_barang` int(11) NOT NULL,
  `keterangan_barang` varchar(11) NOT NULL
) ENGINE=InnoDB DEFAULT CHARSET=latin1;

--
-- Dumping data for table `barang`
--

INSERT INTO `barang` (`id`, `kode_barang`, `nama_barang`, `jumlah_barang`, `keterangan_barang`) VALUES
(1, '111', 'baut', 12, 'pcs'),
(2, '222', 'ring', 21, 'pcs'),
(3, '333', 'seal', 11, 'pcs'),
(4, '444', 'mur', 22, 'pcs');

-- --------------------------------------------------------

--
-- Table structure for table `divisi`
--

CREATE TABLE `divisi` (
  `id` int(11) NOT NULL,
  `kode_divisi` varchar(50) NOT NULL,
  `nama_divisi` varchar(50) NOT NULL,
  `jumlah_divisi` int(11) NOT NULL,
  `keterangan_divisi` varchar(11) NOT NULL
) ENGINE=InnoDB DEFAULT CHARSET=latin1;

--
-- Dumping data for table `divisi`
--

INSERT INTO `divisi` (`id`, `kode_divisi`, `nama_divisi`, `jumlah_divisi`, `keterangan_divisi`) VALUES
(0, '456', 'warehouse', 1, 'kontrak'),
(123, 'a', 'd', 2, 'w'),
(35, 'asd', 'wef', 21, 'asdasd'),
(0, 'q', 'q', 0, '2');

--
-- Indexes for dumped tables
--

--
-- Indexes for table `barang`
--
ALTER TABLE `barang`
  ADD PRIMARY KEY (`kode_barang`);

--
-- Indexes for table `divisi`
--
ALTER TABLE `divisi`
  ADD PRIMARY KEY (`kode_divisi`);
--
-- Database: `kontak`
--
CREATE DATABASE IF NOT EXISTS `kontak` DEFAULT CHARACTER SET latin1 COLLATE latin1_swedish_ci;
USE `kontak`;

-- --------------------------------------------------------

--
-- Table structure for table `telp`
--

CREATE TABLE `telp` (
  `id` int(11) NOT NULL,
  `nama` varchar(25) NOT NULL,
  `nomor` varchar(13) NOT NULL
) ENGINE=InnoDB DEFAULT CHARSET=latin1;

--
-- Dumping data for table `telp`
--

INSERT INTO `telp` (`id`, `nama`, `nomor`) VALUES
(1, 'ibas', '88990086'),
(2, 'base', '88776656');

--
-- Indexes for dumped tables
--

--
-- Indexes for table `telp`
--
ALTER TABLE `telp`
  ADD PRIMARY KEY (`id`);

--
-- AUTO_INCREMENT for dumped tables
--

--
-- AUTO_INCREMENT for table `telp`
--
ALTER TABLE `telp`
  MODIFY `id` int(11) NOT NULL AUTO_INCREMENT, AUTO_INCREMENT=3;
--
-- Database: `okeshopdb`
--
CREATE DATABASE IF NOT EXISTS `okeshopdb` DEFAULT CHARACTER SET latin1 COLLATE latin1_swedish_ci;
USE `okeshopdb`;

-- --------------------------------------------------------

--
-- Table structure for table `admintbl`
--

CREATE TABLE `admintbl` (
  `id` int(11) NOT NULL,
  `username` varchar(35) NOT NULL,
  `password` text NOT NULL
) ENGINE=InnoDB DEFAULT CHARSET=latin1;

--
-- Dumping data for table `admintbl`
--

INSERT INTO `admintbl` (`id`, `username`, `password`) VALUES
(1, 'admin', '21232f297a57a5a743894a0e4a801fc3'),
(5, 'operator', '28b662d883b6d76fd96e4ddc5e9ba780');

-- --------------------------------------------------------

--
-- Table structure for table `admintblcontoh`
--

CREATE TABLE `admintblcontoh` (
  `id` int(11) NOT NULL,
  `username` varchar(35) NOT NULL,
  `password` text NOT NULL
) ENGINE=InnoDB DEFAULT CHARSET=latin1;

-- --------------------------------------------------------

--
-- Table structure for table `barangtbl`
--

CREATE TABLE `barangtbl` (
  `id` int(11) NOT NULL,
  `nama` varchar(35) NOT NULL,
  `deskripsi` text NOT NULL,
  `warna` varchar(25) NOT NULL,
  `spesifikasi` varchar(50) NOT NULL,
  `kategori` varchar(25) NOT NULL,
  `harga` int(11) NOT NULL,
  `stock` int(11) NOT NULL,
  `gambar` varchar(50) NOT NULL
) ENGINE=InnoDB DEFAULT CHARSET=latin1;

--
-- Dumping data for table `barangtbl`
--

INSERT INTO `barangtbl` (`id`, `nama`, `deskripsi`, `warna`, `spesifikasi`, `kategori`, `harga`, `stock`, `gambar`) VALUES
(1, 'Vivo Y 25', ' www.okeshop.com                                                               ', 'Blue, Black, White, ', '-', 'Accesories', 3150000, 5, 'vivo3.jpeg'),
(2, 'Vivo 5 Plus', '  www.okeshop.com                                                                                                            ', 'Abu-abu, Hitam, Biru', '', 'Cardigan', 2600000, 100, 'vivo2.jpg'),
(3, 'Vivo 5 Lite', '  www.okeshop.com                                                               ', ' Hitam, Putih', '', 'Celana Pendek', 2599000, 0, 'vivo1.jpg'),
(4, 'Oppo A57', '  www.okeshop.com.com                                                                                 ', 'Biru, , Hitam, Merah', '', 'Long Dress', 2799000, 5, 'oppo3.jpg'),
(5, 'Oppo F1', '   www.okeshop.com                                                                                 ', 'Blue, Black, White', '', 'Jeans', 2800000, 5, 'oppo2.jpg'),
(6, 'Opoo R1', '   www.okeshop.com                                                                                          ', 'Putih, Hitam', '', 'Kaos / T-Shirt', 2000000, 0, 'oppo1.jpeg'),
(7, 'Lenovo P2', 'www.okeshop.com                           ', 'Putih ,  Hitam ', '', 'Accesories', 2000000, 0, 'Lenovo3.jpeg'),
(8, 'Lenovo Vibec 2', 'www.okeshop.com                  ', 'Biru , Putih', '', 'Accesories', 2600000, 0, 'Lenovo2.jpeg'),
(9, 'Lenovo z 2 Plus', 'www.okeshop.com                                            ', 'Putih , Gold', '', '', 3000000, 0, 'lenovo1.jpg'),
(10, 'Samsung A5 2017', 'www.okeshop.com', 'Hitam , Putih , Gold', '', '', 4999000, 0, 'samsung1.jpeg'),
(11, 'Samsung S 7', 'www.pkeshop.com', 'Merah ,  Putih,  Hitam', '', 'Accesories', 35000000, 0, 'samsung2.png'),
(13, 'lenovo2', 'contoh', 'contoh', '', '', 1000000, 2, 'Lenovo2.jpeg');

-- --------------------------------------------------------

--
-- Table structure for table `newstbl`
--

CREATE TABLE `newstbl` (
  `tanggal` date NOT NULL,
  `judul` varchar(50) NOT NULL,
  `news` text NOT NULL
) ENGINE=InnoDB DEFAULT CHARSET=latin1;

--
-- Dumping data for table `newstbl`
--

INSERT INTO `newstbl` (`tanggal`, `judul`, `news`) VALUES
('2017-08-13', 'pameran', 'Now Open! oke shop online'),
('2017-08-11', 'RESTOCK', 'Belanja murah harga Pas'),
('2017-08-02', 'New Items', 'NEW NEWS :  Handphone terbaru tahun 2017 hanya ada di Oke Shop');

-- --------------------------------------------------------

--
-- Table structure for table `pelanggantbl`
--

CREATE TABLE `pelanggantbl` (
  `id` int(11) NOT NULL,
  `nama` varchar(35) NOT NULL,
  `alamat` text NOT NULL,
  `email` text NOT NULL,
  `telepon` varchar(25) NOT NULL,
  `username` varchar(20) NOT NULL,
  `password` text NOT NULL
) ENGINE=InnoDB DEFAULT CHARSET=latin1;

--
-- Dumping data for table `pelanggantbl`
--

INSERT INTO `pelanggantbl` (`id`, `nama`, `alamat`, `email`, `telepon`, `username`, `password`) VALUES
(17, 'onadio', 'jakarta', 'onadio@yahoo.com', '089631084399', 'onadio', 'e10adc3949ba59abbe56e057f20f883e'),
(18, 'Andhika ', 'Jakarta', 'andhoka@gmail.com', '08119890800', 'andhika', '202cb962ac59075b964b07152d234b70'),
(19, 'octarin', 'bekasi', 'octarin@yahoo.com', '08889766556', 'octarin', '0a4c359f1c4be190e87a46f100109946'),
(20, 'wiwi yulianita', 'Bekasi', 'wiwi@gmail.com', '08889766556', 'yulianita', 'e10adc3949ba59abbe56e057f20f883e'),
(21, 'wiliam', 'japan', 'wiliam@gmail.com', '0896310990099', 'wiliam', '90790c5834748c460f29be7ef071160a'),
(22, 'dani', 'bekasi', 'dani99@yahoo.com', '089631084399', 'dani', '25d55ad283aa400af464c76d713c07ad'),
(23, 'rani', 'japan', 'rani@yahoo.com', '08119890800', 'rani', '1e48c4420b7073bc11916c6c1de226bb'),
(24, 'sadega', 'japan', 'ronasadega@gmail.com', '089631084399', 'sadega', '8de90c079e59b028dd03c488ddb2d11a'),
(25, 'Laila', 'Bekasi', 'laila@gmail.com', '08119890800', 'laila', 'f30618ed64655812746272636a992b95'),
(26, 'sari', 'japan', 'ronqsadega@gmail.com', '089631084399', 'sari', 'a87bcf310c4fdf2a80f2f3d97f1f9424');

-- --------------------------------------------------------

--
-- Table structure for table `testimonialtbl`
--

CREATE TABLE `testimonialtbl` (
  `id` int(11) NOT NULL,
  `nama` varchar(35) NOT NULL,
  `email` varchar(50) NOT NULL,
  `tanggal` date NOT NULL,
  `testimonial` text NOT NULL
) ENGINE=InnoDB DEFAULT CHARSET=latin1;

--
-- Dumping data for table `testimonialtbl`
--

INSERT INTO `testimonialtbl` (`id`, `nama`, `email`, `tanggal`, `testimonial`) VALUES
(2, 'Deswita lestari', '-', '2017-08-15', 'Thanks ya, sudah sampai, pelayanan ok, cepat tanggap juga, overall ga ush ragu belanja di sini untuk beli Handphone'),
(3, 'desi ariyanti', '-', '2017-08-03', 'Thanks buat www.okeshop.com'),
(4, 'Hendrik', '-', '2017-08-08', 'Thanks ya sis paketnya uda smpe..cpt ya..order kmrn hr ni uda dtg... Bgus hpnya...'),
(5, 'bundanya ridho', '-', '2017-08-15', 'Baru nemu web ini kemaren,barangnya bagus2 trus coba2 pesan ternyata responnya cepet loh.kemaren pesen eh hari ini paketnya udh sampe.makasi ya..pelayanannya bagus n cepet.Yang sedang cari hp buat anaknya drpd cape2 keluar rumah beli di www.okeshop.com'),
(14, 'jaya', '-', '2017-08-10', 'Thanks ya, Paketnya udah nyampe');

-- --------------------------------------------------------

--
-- Table structure for table `transaksirincitbl`
--

CREATE TABLE `transaksirincitbl` (
  `notransaksi` varchar(25) NOT NULL,
  `username` varchar(20) NOT NULL,
  `id` int(11) NOT NULL,
  `nama` varchar(60) NOT NULL,
  `harga` int(11) NOT NULL,
  `jumlah` int(11) NOT NULL,
  `subtotal` int(11) NOT NULL
) ENGINE=InnoDB DEFAULT CHARSET=latin1;

--
-- Dumping data for table `transaksirincitbl`
--

INSERT INTO `transaksirincitbl` (`notransaksi`, `username`, `id`, `nama`, `harga`, `jumlah`, `subtotal`) VALUES
('32', 'Raisa', 9, 'Oppo A57', 5000000, 1, 5000000),
('33', 'wiwi', 12, 'Samsung J5 Pro', 3599000, 1, 3599000),
('35', 'wiwi', 12, 'Samsung J5 Pro', 3599000, 1, 3599000),
('36', 'wiwi', 5, 'Oppo F1', 2800000, 1, 2800000),
('37', 'wiwi', 9, 'Lenovo z 2 Plus', 3000000, 1, 3000000),
('38', 'onadio', 10, 'Samsung A5 2017', 4999000, 1, 4999000),
('39', 'onadio', 4, 'Oppo A57', 2799000, 1, 2799000),
('40', 'andhika', 3, 'Vivo 5 Lite', 2599000, 1, 2599000),
('41', 'octarin', 12, 'Samsung J5 Pro', 3599000, 1, 3599000),
('42', 'yulianita', 7, 'Lenovo P2', 2000000, 1, 2000000),
('43', 'yulianita', 7, 'Lenovo P2', 2000000, 1, 2000000),
('44', 'rani', 12, 'Samsung J5 Pro', 3599000, 1, 3599000),
('45', 'wiliam', 12, 'Samsung J5 Pro', 3599000, 12, 43188000),
('46', 'wiliam', 9, 'Lenovo z 2 Plus', 3000000, 1, 3000000),
('47', 'laila', 12, 'Samsung J5 Pro', 3599000, 1, 3599000),
('48', 'sari', 12, 'Samsung J5 Pro', 3599000, 1, 3599000);

-- --------------------------------------------------------

--
-- Table structure for table `transaksitbl`
--

CREATE TABLE `transaksitbl` (
  `notransaksi` int(11) NOT NULL,
  `username` varchar(20) NOT NULL,
  `status` tinyint(1) NOT NULL
) ENGINE=InnoDB DEFAULT CHARSET=latin1;

--
-- Dumping data for table `transaksitbl`
--

INSERT INTO `transaksitbl` (`notransaksi`, `username`, `status`) VALUES
(31, 'Raisa', 1),
(32, 'Raisa', 1),
(33, 'wiwi', 1),
(34, 'wiwi', 1),
(35, 'wiwi', 1),
(36, 'wiwi', 1),
(37, 'wiwi', 1),
(38, 'onadio', 1),
(39, 'onadio', 1),
(40, 'andhika', 1),
(41, 'octarin', 1),
(42, 'yulianita', 1),
(43, 'yulianita', 1),
(44, 'rani', 1),
(45, 'wiliam', 1),
(46, 'wiliam', 1),
(47, 'laila', 1),
(48, 'sari', 1);

-- --------------------------------------------------------

--
-- Table structure for table `visitortbl`
--

CREATE TABLE `visitortbl` (
  `ip` int(11) NOT NULL,
  `time` int(11) NOT NULL
) ENGINE=InnoDB DEFAULT CHARSET=latin1;

--
-- Dumping data for table `visitortbl`
--

INSERT INTO `visitortbl` (`ip`, `time`) VALUES
(0, 1368498420),
(0, 1368498503),
(0, 1368498733),
(0, 1368499016),
(0, 1368499042),
(0, 1368499194),
(0, 1368499579),
(0, 1368499593),
(0, 1368499638),
(0, 1368499664),
(11, 1368500516),
(1, 1502861061);

--
-- Indexes for dumped tables
--

--
-- Indexes for table `admintbl`
--
ALTER TABLE `admintbl`
  ADD PRIMARY KEY (`id`);

--
-- Indexes for table `admintblcontoh`
--
ALTER TABLE `admintblcontoh`
  ADD PRIMARY KEY (`id`);

--
-- Indexes for table `barangtbl`
--
ALTER TABLE `barangtbl`
  ADD PRIMARY KEY (`id`);

--
-- Indexes for table `pelanggantbl`
--
ALTER TABLE `pelanggantbl`
  ADD PRIMARY KEY (`id`);

--
-- Indexes for table `testimonialtbl`
--
ALTER TABLE `testimonialtbl`
  ADD PRIMARY KEY (`id`);

--
-- Indexes for table `transaksitbl`
--
ALTER TABLE `transaksitbl`
  ADD PRIMARY KEY (`notransaksi`);

--
-- Indexes for table `visitortbl`
--
ALTER TABLE `visitortbl`
  ADD PRIMARY KEY (`time`);

--
-- AUTO_INCREMENT for dumped tables
--

--
-- AUTO_INCREMENT for table `admintbl`
--
ALTER TABLE `admintbl`
  MODIFY `id` int(11) NOT NULL AUTO_INCREMENT, AUTO_INCREMENT=6;

--
-- AUTO_INCREMENT for table `admintblcontoh`
--
ALTER TABLE `admintblcontoh`
  MODIFY `id` int(11) NOT NULL AUTO_INCREMENT;

--
-- AUTO_INCREMENT for table `barangtbl`
--
ALTER TABLE `barangtbl`
  MODIFY `id` int(11) NOT NULL AUTO_INCREMENT, AUTO_INCREMENT=14;

--
-- AUTO_INCREMENT for table `pelanggantbl`
--
ALTER TABLE `pelanggantbl`
  MODIFY `id` int(11) NOT NULL AUTO_INCREMENT, AUTO_INCREMENT=27;

--
-- AUTO_INCREMENT for table `testimonialtbl`
--
ALTER TABLE `testimonialtbl`
  MODIFY `id` int(11) NOT NULL AUTO_INCREMENT, AUTO_INCREMENT=15;

--
-- AUTO_INCREMENT for table `transaksitbl`
--
ALTER TABLE `transaksitbl`
  MODIFY `notransaksi` int(11) NOT NULL AUTO_INCREMENT, AUTO_INCREMENT=49;

--
-- AUTO_INCREMENT for table `visitortbl`
--
ALTER TABLE `visitortbl`
  MODIFY `time` int(11) NOT NULL AUTO_INCREMENT, AUTO_INCREMENT=1502861062;
--
-- Database: `penyalurtenagakerja`
--
CREATE DATABASE IF NOT EXISTS `penyalurtenagakerja` DEFAULT CHARACTER SET latin1 COLLATE latin1_swedish_ci;
USE `penyalurtenagakerja`;

-- --------------------------------------------------------

--
-- Table structure for table `babysister`
--

CREATE TABLE `babysister` (
  `id` int(11) NOT NULL,
  `nama` varchar(30) NOT NULL,
  `umur` varchar(30) NOT NULL,
  `asal` varchar(30) NOT NULL,
  `pengalaman` varchar(30) NOT NULL,
  `job` varchar(30) NOT NULL,
  `gaji` int(11) NOT NULL,
  `foto` text NOT NULL
) ENGINE=InnoDB DEFAULT CHARSET=latin1;

--
-- Dumping data for table `babysister`
--

INSERT INTO `babysister` (`id`, `nama`, `umur`, `asal`, `pengalaman`, `job`, `gaji`, `foto`) VALUES
(1, 'lala', '21', 'jombang', '2 tahun mengasuh bayi', 'bayi', 2000000, 'a.jpg'),
(3, 'Siti', '35', 'Puri', 'Pacaran', 'Ngasuh Bayi', 3000000, 'b.jpg'),
(4, '', '', '', '', '', 0, '05.jpg');

-- --------------------------------------------------------

--
-- Table structure for table `babysister_luarjakarta`
--

CREATE TABLE `babysister_luarjakarta` (
  `id` int(11) NOT NULL,
  `umur` int(11) NOT NULL,
  `nama` varchar(50) NOT NULL,
  `asal` varchar(50) NOT NULL,
  `pengalaman` varchar(50) NOT NULL,
  `job` varchar(50) NOT NULL,
  `gaji` int(11) NOT NULL,
  `foto` text NOT NULL
) ENGINE=InnoDB DEFAULT CHARSET=latin1;

--
-- Dumping data for table `babysister_luarjakarta`
--

INSERT INTO `babysister_luarjakarta` (`id`, `umur`, `nama`, `asal`, `pengalaman`, `job`, `gaji`, `foto`) VALUES
(1, 22, 'jumadi', 'tambun', 'pegawai', 'pegawai', 2000000, 'a.jpg'),
(2, 21, 'asd', 'das', 'adqw', 'qwd', 123123, '05.jpg'),
(3, 0, '', '', '', '', 0, 'Penguins.jpg');

-- --------------------------------------------------------

--
-- Table structure for table `pembantu`
--

CREATE TABLE `pembantu` (
  `id` int(11) NOT NULL,
  `nama` varchar(50) NOT NULL,
  `umur` int(11) NOT NULL,
  `asal` varchar(50) NOT NULL,
  `pengalaman` varchar(50) NOT NULL,
  `job` varchar(50) NOT NULL,
  `gaji` int(11) NOT NULL,
  `foto` text NOT NULL
) ENGINE=InnoDB DEFAULT CHARSET=latin1;

--
-- Dumping data for table `pembantu`
--

INSERT INTO `pembantu` (`id`, `nama`, `umur`, `asal`, `pengalaman`, `job`, `gaji`, `foto`) VALUES
(1, 'mamat', 23, 'pandeglang', 'obe', 'obe', 1000000, 'a.jpg'),
(2, '', 0, '', '', '', 0, 'Koala.jpg');

-- --------------------------------------------------------

--
-- Table structure for table `pembantuu`
--

CREATE TABLE `pembantuu` (
  `id` int(11) NOT NULL,
  `nama` varchar(50) NOT NULL,
  `umur` varchar(50) NOT NULL,
  `asal` varchar(50) NOT NULL,
  `pengalaman` varchar(50) NOT NULL,
  `job` varchar(50) NOT NULL,
  `gaji` int(11) NOT NULL,
  `foto` text NOT NULL
) ENGINE=InnoDB DEFAULT CHARSET=latin1;

--
-- Dumping data for table `pembantuu`
--

INSERT INTO `pembantuu` (`id`, `nama`, `umur`, `asal`, `pengalaman`, `job`, `gaji`, `foto`) VALUES
(3, 'mamat', '23', 'pandeglang', 'obe', 'obe', 1000000, '');

-- --------------------------------------------------------

--
-- Table structure for table `penyaluran`
--

CREATE TABLE `penyaluran` (
  `id` int(11) NOT NULL,
  `nama` varchar(30) DEFAULT NULL,
  `umur` varchar(30) DEFAULT NULL,
  `asal` varchar(30) DEFAULT NULL,
  `pengalaman` varchar(30) DEFAULT NULL,
  `job` varchar(30) DEFAULT NULL,
  `gaji` int(11) DEFAULT NULL,
  `foto` text
) ENGINE=InnoDB DEFAULT CHARSET=latin1;

--
-- Dumping data for table `penyaluran`
--

INSERT INTO `penyaluran` (`id`, `nama`, `umur`, `asal`, `pengalaman`, `job`, `gaji`, `foto`) VALUES
(5, 'lala', '27', 'jombang', '2 tahun mengasuh bayi', 'bayi', 2000000, 'a.jpg'),
(6, 'Siti', '35', 'Puri', 'Pacaran', 'Ngasuh Bayi', 3000000, 'b.jpg');

-- --------------------------------------------------------

--
-- Table structure for table `penyaluran_luarjakarta`
--

CREATE TABLE `penyaluran_luarjakarta` (
  `id` int(11) NOT NULL,
  `nama` varchar(50) NOT NULL,
  `umur` int(11) NOT NULL,
  `asal` varchar(50) NOT NULL,
  `pengalaman` varchar(50) NOT NULL,
  `job` varchar(50) NOT NULL,
  `gaji` int(11) NOT NULL,
  `foto_lama` text NOT NULL,
  `pemesan` varchar(50) NOT NULL,
  `telp` int(11) NOT NULL,
  `kontrak` varchar(50) NOT NULL,
  `alamat` varchar(50) NOT NULL,
  `foto` text NOT NULL
) ENGINE=InnoDB DEFAULT CHARSET=latin1;

--
-- Dumping data for table `penyaluran_luarjakarta`
--

INSERT INTO `penyaluran_luarjakarta` (`id`, `nama`, `umur`, `asal`, `pengalaman`, `job`, `gaji`, `foto_lama`, `pemesan`, `telp`, `kontrak`, `alamat`, `foto`) VALUES
(1, 'nando', 34, 'gabus', 'supir', 'supir', 3000000, 'a.jpg', 'nandi', 986, '2 tahun', 'tambun', 'a.jpg'),
(2, 'jumadi', 22, 'tambun', 'pegawai', 'pegawai', 2000000, '', 'asd', 0, 'a', 'd', 'a.jpg'),
(3, 'jumadi', 22, 'tambun', 'pegawai', 'pegawai', 2000000, '', 'ascasdasd', 12313435, 'asd', 'asdade', 'a.jpg'),
(4, 'jumadi', 22, 'tambun', 'pegawai', 'pegawai', 2000000, '', 'jojojojojoj', 8132832, '2 tahun', 'tambunn', 'a.jpg'),
(5, 'jumadi', 22, 'tambun', 'pegawai', 'pegawai', 2000000, '', 'wahidin', 987, '2 tahun', 'tambun', 'a.jpg');

-- --------------------------------------------------------

--
-- Table structure for table `tb_user`
--

CREATE TABLE `tb_user` (
  `id` int(11) NOT NULL,
  `username` varchar(25) NOT NULL,
  `password` varchar(25) NOT NULL,
  `jabatan` varchar(25) NOT NULL
) ENGINE=InnoDB DEFAULT CHARSET=latin1;

--
-- Dumping data for table `tb_user`
--

INSERT INTO `tb_user` (`id`, `username`, `password`, `jabatan`) VALUES
(1, 'meimei', 'meimei', 'admin');

--
-- Indexes for dumped tables
--

--
-- Indexes for table `babysister`
--
ALTER TABLE `babysister`
  ADD PRIMARY KEY (`id`);

--
-- Indexes for table `babysister_luarjakarta`
--
ALTER TABLE `babysister_luarjakarta`
  ADD PRIMARY KEY (`id`);

--
-- Indexes for table `pembantu`
--
ALTER TABLE `pembantu`
  ADD PRIMARY KEY (`id`);

--
-- Indexes for table `pembantuu`
--
ALTER TABLE `pembantuu`
  ADD PRIMARY KEY (`id`);

--
-- Indexes for table `penyaluran`
--
ALTER TABLE `penyaluran`
  ADD PRIMARY KEY (`id`);

--
-- Indexes for table `penyaluran_luarjakarta`
--
ALTER TABLE `penyaluran_luarjakarta`
  ADD PRIMARY KEY (`id`);

--
-- Indexes for table `tb_user`
--
ALTER TABLE `tb_user`
  ADD PRIMARY KEY (`id`);

--
-- AUTO_INCREMENT for dumped tables
--

--
-- AUTO_INCREMENT for table `babysister`
--
ALTER TABLE `babysister`
  MODIFY `id` int(11) NOT NULL AUTO_INCREMENT, AUTO_INCREMENT=5;

--
-- AUTO_INCREMENT for table `babysister_luarjakarta`
--
ALTER TABLE `babysister_luarjakarta`
  MODIFY `id` int(11) NOT NULL AUTO_INCREMENT, AUTO_INCREMENT=4;

--
-- AUTO_INCREMENT for table `pembantu`
--
ALTER TABLE `pembantu`
  MODIFY `id` int(11) NOT NULL AUTO_INCREMENT, AUTO_INCREMENT=3;

--
-- AUTO_INCREMENT for table `pembantuu`
--
ALTER TABLE `pembantuu`
  MODIFY `id` int(11) NOT NULL AUTO_INCREMENT, AUTO_INCREMENT=4;

--
-- AUTO_INCREMENT for table `penyaluran`
--
ALTER TABLE `penyaluran`
  MODIFY `id` int(11) NOT NULL AUTO_INCREMENT, AUTO_INCREMENT=7;

--
-- AUTO_INCREMENT for table `penyaluran_luarjakarta`
--
ALTER TABLE `penyaluran_luarjakarta`
  MODIFY `id` int(11) NOT NULL AUTO_INCREMENT, AUTO_INCREMENT=6;

--
-- AUTO_INCREMENT for table `tb_user`
--
ALTER TABLE `tb_user`
  MODIFY `id` int(11) NOT NULL AUTO_INCREMENT, AUTO_INCREMENT=2;
--
-- Database: `persediaan_barang`
--
CREATE DATABASE IF NOT EXISTS `persediaan_barang` DEFAULT CHARACTER SET latin1 COLLATE latin1_swedish_ci;
USE `persediaan_barang`;

-- --------------------------------------------------------

--
-- Table structure for table `akun`
--

CREATE TABLE `akun` (
  `id` int(11) NOT NULL,
  `User_Name` varchar(200) NOT NULL,
  `Email` varchar(100) NOT NULL,
  `Password` varchar(200) NOT NULL,
  `jenis_kelamin` varchar(30) NOT NULL,
  `level` varchar(20) NOT NULL
) ENGINE=InnoDB DEFAULT CHARSET=latin1;

--
-- Dumping data for table `akun`
--

INSERT INTO `akun` (`id`, `User_Name`, `Email`, `Password`, `jenis_kelamin`, `level`) VALUES
(5, 'Padhilah', 'padhilah@gmail.com', '972d6d37129d5ed55089ff21225a60d5', 'Male', 'Admin'),
(6, 'No Name', 'root@root', '5ebe2294ecd0e0f08eab7690d2a6ee69', 'Male', 'Pimpinan'),
(7, 'Admin produksi', 'adminpo@gmail.com', '972d6d37129d5ed55089ff21225a60d5', 'Laki-Laki', 'Admin Po'),
(8, 'Lia Kurniasari', 'lia@gmail.com', '5ebe2294ecd0e0f08eab7690d2a6ee69', 'Perempuan', 'Marketing'),
(9, 'Dewita Repati Ratu Pitaloka', 'dewita@gmail.com', '5ebe2294ecd0e0f08eab7690d2a6ee69', 'Perempuan', 'Purchasing'),
(10, 'Indah Wahyu Putri Jayani', 'indah@gmail.com', '5ebe2294ecd0e0f08eab7690d2a6ee69', 'Perempuan', 'PPIC'),
(11, 'ibas', 'ibasbase@gmail.com', '4f0c6beb94590174d66943a5fdc4840c', 'Laki-Laki', 'Admin'),
(12, 'Nibras', 'nibras@yahoo.com', '429577008611649c7cb858fced59ccdf', 'Laki-Laki', 'Pimpinan');

-- --------------------------------------------------------

--
-- Table structure for table `barangmasuk`
--

CREATE TABLE `barangmasuk` (
  `kode_barang` varchar(20) NOT NULL,
  `kode_kategori` varchar(20) NOT NULL,
  `kode_supplier` varchar(20) NOT NULL,
  `nama_barang` varchar(200) NOT NULL,
  `tanggal` date NOT NULL,
  `jumlah` int(11) NOT NULL,
  `statuss` varchar(3) NOT NULL
) ENGINE=InnoDB DEFAULT CHARSET=latin1;

--
-- Dumping data for table `barangmasuk`
--

INSERT INTO `barangmasuk` (`kode_barang`, `kode_kategori`, `kode_supplier`, `nama_barang`, `tanggal`, `jumlah`, `statuss`) VALUES
('BRG002', 'KTB001', 'SUP001', 'baut', '2017-10-26', 30, 'OK');

-- --------------------------------------------------------

--
-- Table structure for table `customer`
--

CREATE TABLE `customer` (
  `idcustomer` int(11) NOT NULL,
  `kode_customer` varchar(20) NOT NULL,
  `nama` varchar(200) NOT NULL,
  `alamat` varchar(200) NOT NULL,
  `contact` int(20) NOT NULL
) ENGINE=InnoDB DEFAULT CHARSET=latin1;

--
-- Dumping data for table `customer`
--

INSERT INTO `customer` (`idcustomer`, `kode_customer`, `nama`, `alamat`, `contact`) VALUES
(1, 'CS001', 'PT. Serbaguna', 'Bekasi', 57657);

-- --------------------------------------------------------

--
-- Table structure for table `databarang`
--

CREATE TABLE `databarang` (
  `kode_barang` varchar(11) NOT NULL,
  `kode_kategori` varchar(20) NOT NULL,
  `kode_supplier` varchar(20) NOT NULL,
  `nama_barang` varchar(200) NOT NULL,
  `tanggal` date NOT NULL
) ENGINE=InnoDB DEFAULT CHARSET=latin1;

--
-- Dumping data for table `databarang`
--

INSERT INTO `databarang` (`kode_barang`, `kode_kategori`, `kode_supplier`, `nama_barang`, `tanggal`) VALUES
('BRG001', 'KTB001', 'fef', 'baut', '2017-10-07');

-- --------------------------------------------------------

--
-- Table structure for table `kategori`
--

CREATE TABLE `kategori` (
  `kode_kategori` varchar(10) NOT NULL,
  `nama_kategori` varchar(20) NOT NULL
) ENGINE=InnoDB DEFAULT CHARSET=latin1;

--
-- Dumping data for table `kategori`
--

INSERT INTO `kategori` (`kode_kategori`, `nama_kategori`) VALUES
('KTB001', 'baut');

-- --------------------------------------------------------

--
-- Table structure for table `orderp`
--

CREATE TABLE `orderp` (
  `kode_barang` varchar(20) NOT NULL,
  `User_Name` varchar(200) NOT NULL,
  `tgl` date NOT NULL,
  `jumlah` int(20) NOT NULL,
  `status` varchar(100) NOT NULL
) ENGINE=InnoDB DEFAULT CHARSET=latin1;

--
-- Dumping data for table `orderp`
--

INSERT INTO `orderp` (`kode_barang`, `User_Name`, `tgl`, `jumlah`, `status`) VALUES
('BRG001', 'Admin produksi', '2017-10-12', 10, 'APPROVE');

-- --------------------------------------------------------

--
-- Table structure for table `permintaan`
--

CREATE TABLE `permintaan` (
  `kode_permintaan` varchar(11) NOT NULL,
  `kode_barang` varchar(20) NOT NULL,
  `kode_customer` varchar(20) NOT NULL,
  `kode_kategori` varchar(20) NOT NULL,
  `jumlah_p` int(11) NOT NULL,
  `tgl_permintaan` date NOT NULL
) ENGINE=InnoDB DEFAULT CHARSET=latin1;

--
-- Triggers `permintaan`
--
DELIMITER $$
CREATE TRIGGER `Update_permintaaan` AFTER INSERT ON `permintaan` FOR EACH ROW BEGIN
UPDATE barangmasuk SET jumlah = jumlah-NEW.jumlah_p
WHERE kode_barang = NEW.kode_barang;
END
$$
DELIMITER ;

-- --------------------------------------------------------

--
-- Table structure for table `petugas`
--

CREATE TABLE `petugas` (
  `idpetugas` int(11) NOT NULL,
  `kode_petugas` varchar(10) NOT NULL,
  `nama` varchar(100) NOT NULL,
  `alamat` varchar(200) NOT NULL,
  `tgl_l` date NOT NULL,
  `agama` varchar(20) NOT NULL,
  `jenis_kelamin` varchar(20) NOT NULL,
  `divisi` varchar(20) NOT NULL,
  `contact` int(15) NOT NULL,
  `status_pegawai` varchar(20) NOT NULL
) ENGINE=InnoDB DEFAULT CHARSET=latin1;

-- --------------------------------------------------------

--
-- Table structure for table `qc`
--

CREATE TABLE `qc` (
  `kode_barang` varchar(20) NOT NULL,
  `kode_kategori` varchar(20) NOT NULL,
  `tgl` date NOT NULL,
  `jumlah` int(11) NOT NULL,
  `status` varchar(10) DEFAULT NULL
) ENGINE=InnoDB DEFAULT CHARSET=latin1;

--
-- Dumping data for table `qc`
--

INSERT INTO `qc` (`kode_barang`, `kode_kategori`, `tgl`, `jumlah`, `status`) VALUES
('BRG002', 'KTB001', '2017-10-26', 10, 'NG');

-- --------------------------------------------------------

--
-- Table structure for table `retur`
--

CREATE TABLE `retur` (
  `idretur` int(11) NOT NULL,
  `kode_retur` varchar(20) NOT NULL,
  `kode_barang` varchar(20) NOT NULL,
  `kode_kategori` varchar(20) NOT NULL,
  `tgl_retur` date NOT NULL,
  `jumlah_r` int(11) NOT NULL,
  `status` varchar(3) NOT NULL,
  `keterangan` varchar(200) NOT NULL
) ENGINE=InnoDB DEFAULT CHARSET=latin1;

--
-- Dumping data for table `retur`
--

INSERT INTO `retur` (`idretur`, `kode_retur`, `kode_barang`, `kode_kategori`, `tgl_retur`, `jumlah_r`, `status`, `keterangan`) VALUES
(4, 'RTR001', 'BRG002', 'KTB001', '2017-10-26', 10, 'NG', 'barang kadaluarsa');

--
-- Triggers `retur`
--
DELIMITER $$
CREATE TRIGGER `Update_retur` AFTER INSERT ON `retur` FOR EACH ROW BEGIN
UPDATE barangmasuk SET jumlah = jumlah - NEW.jumlah_r
WHERE kode_barang = New.kode_barang;
END
$$
DELIMITER ;

-- --------------------------------------------------------

--
-- Table structure for table `supplier`
--

CREATE TABLE `supplier` (
  `idsupplier` int(11) NOT NULL,
  `kode_supplier` varchar(20) NOT NULL,
  `nama_supplier` varchar(200) NOT NULL,
  `alamat` varchar(300) NOT NULL,
  `contact` int(15) NOT NULL
) ENGINE=InnoDB DEFAULT CHARSET=latin1;

--
-- Dumping data for table `supplier`
--

INSERT INTO `supplier` (`idsupplier`, `kode_supplier`, `nama_supplier`, `alamat`, `contact`) VALUES
(1, 'SUP001', 'PT.Maju Bersama', 'Bekasi', 5346244);

-- --------------------------------------------------------

--
-- Table structure for table `tb_perintah`
--

CREATE TABLE `tb_perintah` (
  `nomor_wo` varchar(10) NOT NULL,
  `nama` varchar(200) NOT NULL,
  `id_barang` varchar(11) NOT NULL,
  `jumlah` varchar(200) NOT NULL,
  `jadwal_pengiriman` date NOT NULL,
  `jadwal_produksi` date DEFAULT NULL
) ENGINE=InnoDB DEFAULT CHARSET=latin1;

--
-- Dumping data for table `tb_perintah`
--

INSERT INTO `tb_perintah` (`nomor_wo`, `nama`, `id_barang`, `jumlah`, `jadwal_pengiriman`, `jadwal_produksi`) VALUES
('WO-001', 'PT. Serbaguna', 'BRG001', '10', '2017-11-07', '2017-11-30');

-- --------------------------------------------------------

--
-- Table structure for table `tb_permintaan`
--

CREATE TABLE `tb_permintaan` (
  `nomor_po` varchar(11) NOT NULL,
  `id_barang` varchar(11) NOT NULL,
  `jumlah` varchar(200) NOT NULL,
  `start_date` date NOT NULL,
  `end_date` date NOT NULL,
  `nama_supplier` varchar(200) NOT NULL
) ENGINE=InnoDB DEFAULT CHARSET=latin1;

--
-- Dumping data for table `tb_permintaan`
--

INSERT INTO `tb_permintaan` (`nomor_po`, `id_barang`, `jumlah`, `start_date`, `end_date`, `nama_supplier`) VALUES
('PO-001', 'BRG001', '10', '2017-11-01', '2017-11-30', 'PT.Maju Bersama'),
('PO-002', 'BRG002', '30', '2017-11-06', '2017-11-10', 'PT.Maju Bersama');

--
-- Indexes for dumped tables
--

--
-- Indexes for table `akun`
--
ALTER TABLE `akun`
  ADD PRIMARY KEY (`id`);

--
-- Indexes for table `barangmasuk`
--
ALTER TABLE `barangmasuk`
  ADD PRIMARY KEY (`kode_barang`);

--
-- Indexes for table `customer`
--
ALTER TABLE `customer`
  ADD PRIMARY KEY (`idcustomer`);

--
-- Indexes for table `databarang`
--
ALTER TABLE `databarang`
  ADD PRIMARY KEY (`kode_barang`);

--
-- Indexes for table `kategori`
--
ALTER TABLE `kategori`
  ADD PRIMARY KEY (`kode_kategori`);

--
-- Indexes for table `orderp`
--
ALTER TABLE `orderp`
  ADD PRIMARY KEY (`kode_barang`);

--
-- Indexes for table `permintaan`
--
ALTER TABLE `permintaan`
  ADD PRIMARY KEY (`kode_permintaan`);

--
-- Indexes for table `petugas`
--
ALTER TABLE `petugas`
  ADD PRIMARY KEY (`idpetugas`);

--
-- Indexes for table `qc`
--
ALTER TABLE `qc`
  ADD PRIMARY KEY (`kode_barang`);

--
-- Indexes for table `retur`
--
ALTER TABLE `retur`
  ADD PRIMARY KEY (`idretur`);

--
-- Indexes for table `supplier`
--
ALTER TABLE `supplier`
  ADD PRIMARY KEY (`idsupplier`);

--
-- Indexes for table `tb_perintah`
--
ALTER TABLE `tb_perintah`
  ADD PRIMARY KEY (`nomor_wo`);

--
-- Indexes for table `tb_permintaan`
--
ALTER TABLE `tb_permintaan`
  ADD PRIMARY KEY (`nomor_po`);

--
-- AUTO_INCREMENT for dumped tables
--

--
-- AUTO_INCREMENT for table `akun`
--
ALTER TABLE `akun`
  MODIFY `id` int(11) NOT NULL AUTO_INCREMENT, AUTO_INCREMENT=13;

--
-- AUTO_INCREMENT for table `customer`
--
ALTER TABLE `customer`
  MODIFY `idcustomer` int(11) NOT NULL AUTO_INCREMENT, AUTO_INCREMENT=2;

--
-- AUTO_INCREMENT for table `petugas`
--
ALTER TABLE `petugas`
  MODIFY `idpetugas` int(11) NOT NULL AUTO_INCREMENT;

--
-- AUTO_INCREMENT for table `retur`
--
ALTER TABLE `retur`
  MODIFY `idretur` int(11) NOT NULL AUTO_INCREMENT, AUTO_INCREMENT=5;

--
-- AUTO_INCREMENT for table `supplier`
--
ALTER TABLE `supplier`
  MODIFY `idsupplier` int(11) NOT NULL AUTO_INCREMENT, AUTO_INCREMENT=2;
--
-- Database: `phpmyadmin`
--
CREATE DATABASE IF NOT EXISTS `phpmyadmin` DEFAULT CHARACTER SET utf8 COLLATE utf8_bin;
USE `phpmyadmin`;

-- --------------------------------------------------------

--
-- Table structure for table `pma__bookmark`
--

CREATE TABLE `pma__bookmark` (
  `id` int(11) NOT NULL,
  `dbase` varchar(255) COLLATE utf8_bin NOT NULL DEFAULT '',
  `user` varchar(255) COLLATE utf8_bin NOT NULL DEFAULT '',
  `label` varchar(255) CHARACTER SET utf8 NOT NULL DEFAULT '',
  `query` text COLLATE utf8_bin NOT NULL
) ENGINE=InnoDB DEFAULT CHARSET=utf8 COLLATE=utf8_bin COMMENT='Bookmarks';

-- --------------------------------------------------------

--
-- Table structure for table `pma__central_columns`
--

CREATE TABLE `pma__central_columns` (
  `db_name` varchar(64) COLLATE utf8_bin NOT NULL,
  `col_name` varchar(64) COLLATE utf8_bin NOT NULL,
  `col_type` varchar(64) COLLATE utf8_bin NOT NULL,
  `col_length` text COLLATE utf8_bin,
  `col_collation` varchar(64) COLLATE utf8_bin NOT NULL,
  `col_isNull` tinyint(1) NOT NULL,
  `col_extra` varchar(255) COLLATE utf8_bin DEFAULT '',
  `col_default` text COLLATE utf8_bin
) ENGINE=InnoDB DEFAULT CHARSET=utf8 COLLATE=utf8_bin COMMENT='Central list of columns';

-- --------------------------------------------------------

--
-- Table structure for table `pma__column_info`
--

CREATE TABLE `pma__column_info` (
  `id` int(5) UNSIGNED NOT NULL,
  `db_name` varchar(64) COLLATE utf8_bin NOT NULL DEFAULT '',
  `table_name` varchar(64) COLLATE utf8_bin NOT NULL DEFAULT '',
  `column_name` varchar(64) COLLATE utf8_bin NOT NULL DEFAULT '',
  `comment` varchar(255) CHARACTER SET utf8 NOT NULL DEFAULT '',
  `mimetype` varchar(255) CHARACTER SET utf8 NOT NULL DEFAULT '',
  `transformation` varchar(255) COLLATE utf8_bin NOT NULL DEFAULT '',
  `transformation_options` varchar(255) COLLATE utf8_bin NOT NULL DEFAULT '',
  `input_transformation` varchar(255) COLLATE utf8_bin NOT NULL DEFAULT '',
  `input_transformation_options` varchar(255) COLLATE utf8_bin NOT NULL DEFAULT ''
) ENGINE=InnoDB DEFAULT CHARSET=utf8 COLLATE=utf8_bin COMMENT='Column information for phpMyAdmin';

-- --------------------------------------------------------

--
-- Table structure for table `pma__designer_settings`
--

CREATE TABLE `pma__designer_settings` (
  `username` varchar(64) COLLATE utf8_bin NOT NULL,
  `settings_data` text COLLATE utf8_bin NOT NULL
) ENGINE=InnoDB DEFAULT CHARSET=utf8 COLLATE=utf8_bin COMMENT='Settings related to Designer';

--
-- Dumping data for table `pma__designer_settings`
--

INSERT INTO `pma__designer_settings` (`username`, `settings_data`) VALUES
('root', '{\"angular_direct\":\"direct\",\"snap_to_grid\":\"off\",\"relation_lines\":\"true\"}');

-- --------------------------------------------------------

--
-- Table structure for table `pma__export_templates`
--

CREATE TABLE `pma__export_templates` (
  `id` int(5) UNSIGNED NOT NULL,
  `username` varchar(64) COLLATE utf8_bin NOT NULL,
  `export_type` varchar(10) COLLATE utf8_bin NOT NULL,
  `template_name` varchar(64) COLLATE utf8_bin NOT NULL,
  `template_data` text COLLATE utf8_bin NOT NULL
) ENGINE=InnoDB DEFAULT CHARSET=utf8 COLLATE=utf8_bin COMMENT='Saved export templates';

-- --------------------------------------------------------

--
-- Table structure for table `pma__favorite`
--

CREATE TABLE `pma__favorite` (
  `username` varchar(64) COLLATE utf8_bin NOT NULL,
  `tables` text COLLATE utf8_bin NOT NULL
) ENGINE=InnoDB DEFAULT CHARSET=utf8 COLLATE=utf8_bin COMMENT='Favorite tables';

-- --------------------------------------------------------

--
-- Table structure for table `pma__history`
--

CREATE TABLE `pma__history` (
  `id` bigint(20) UNSIGNED NOT NULL,
  `username` varchar(64) COLLATE utf8_bin NOT NULL DEFAULT '',
  `db` varchar(64) COLLATE utf8_bin NOT NULL DEFAULT '',
  `table` varchar(64) COLLATE utf8_bin NOT NULL DEFAULT '',
  `timevalue` timestamp NOT NULL DEFAULT CURRENT_TIMESTAMP,
  `sqlquery` text COLLATE utf8_bin NOT NULL
) ENGINE=InnoDB DEFAULT CHARSET=utf8 COLLATE=utf8_bin COMMENT='SQL history for phpMyAdmin';

-- --------------------------------------------------------

--
-- Table structure for table `pma__navigationhiding`
--

CREATE TABLE `pma__navigationhiding` (
  `username` varchar(64) COLLATE utf8_bin NOT NULL,
  `item_name` varchar(64) COLLATE utf8_bin NOT NULL,
  `item_type` varchar(64) COLLATE utf8_bin NOT NULL,
  `db_name` varchar(64) COLLATE utf8_bin NOT NULL,
  `table_name` varchar(64) COLLATE utf8_bin NOT NULL
) ENGINE=InnoDB DEFAULT CHARSET=utf8 COLLATE=utf8_bin COMMENT='Hidden items of navigation tree';

-- --------------------------------------------------------

--
-- Table structure for table `pma__pdf_pages`
--

CREATE TABLE `pma__pdf_pages` (
  `db_name` varchar(64) COLLATE utf8_bin NOT NULL DEFAULT '',
  `page_nr` int(10) UNSIGNED NOT NULL,
  `page_descr` varchar(50) CHARACTER SET utf8 NOT NULL DEFAULT ''
) ENGINE=InnoDB DEFAULT CHARSET=utf8 COLLATE=utf8_bin COMMENT='PDF relation pages for phpMyAdmin';

-- --------------------------------------------------------

--
-- Table structure for table `pma__recent`
--

CREATE TABLE `pma__recent` (
  `username` varchar(64) COLLATE utf8_bin NOT NULL,
  `tables` text COLLATE utf8_bin NOT NULL
) ENGINE=InnoDB DEFAULT CHARSET=utf8 COLLATE=utf8_bin COMMENT='Recently accessed tables';

--
-- Dumping data for table `pma__recent`
--

INSERT INTO `pma__recent` (`username`, `tables`) VALUES
('root', '[{\"db\":\"skripsiibas\",\"table\":\"reture_barang\"},{\"db\":\"skripsiibas\",\"table\":\"order_barang\"},{\"db\":\"skripsiibas\",\"table\":\"barang_masuk\"},{\"db\":\"skripsiibas\",\"table\":\"vendor\"},{\"db\":\"skripsiibas\",\"table\":\"supplier\"},{\"db\":\"skripsiibas\",\"table\":\"purchas_receiving\"},{\"db\":\"skripsiibas\",\"table\":\"barang_keluar\"},{\"db\":\"skripsiibas\",\"table\":\"customer\"},{\"db\":\"skripsiibas\",\"table\":\"cart\"},{\"db\":\"skripsiibas\",\"table\":\"stok_barang\"}]');

-- --------------------------------------------------------

--
-- Table structure for table `pma__relation`
--

CREATE TABLE `pma__relation` (
  `master_db` varchar(64) COLLATE utf8_bin NOT NULL DEFAULT '',
  `master_table` varchar(64) COLLATE utf8_bin NOT NULL DEFAULT '',
  `master_field` varchar(64) COLLATE utf8_bin NOT NULL DEFAULT '',
  `foreign_db` varchar(64) COLLATE utf8_bin NOT NULL DEFAULT '',
  `foreign_table` varchar(64) COLLATE utf8_bin NOT NULL DEFAULT '',
  `foreign_field` varchar(64) COLLATE utf8_bin NOT NULL DEFAULT ''
) ENGINE=InnoDB DEFAULT CHARSET=utf8 COLLATE=utf8_bin COMMENT='Relation table';

-- --------------------------------------------------------

--
-- Table structure for table `pma__savedsearches`
--

CREATE TABLE `pma__savedsearches` (
  `id` int(5) UNSIGNED NOT NULL,
  `username` varchar(64) COLLATE utf8_bin NOT NULL DEFAULT '',
  `db_name` varchar(64) COLLATE utf8_bin NOT NULL DEFAULT '',
  `search_name` varchar(64) COLLATE utf8_bin NOT NULL DEFAULT '',
  `search_data` text COLLATE utf8_bin NOT NULL
) ENGINE=InnoDB DEFAULT CHARSET=utf8 COLLATE=utf8_bin COMMENT='Saved searches';

-- --------------------------------------------------------

--
-- Table structure for table `pma__table_coords`
--

CREATE TABLE `pma__table_coords` (
  `db_name` varchar(64) COLLATE utf8_bin NOT NULL DEFAULT '',
  `table_name` varchar(64) COLLATE utf8_bin NOT NULL DEFAULT '',
  `pdf_page_number` int(11) NOT NULL DEFAULT '0',
  `x` float UNSIGNED NOT NULL DEFAULT '0',
  `y` float UNSIGNED NOT NULL DEFAULT '0'
) ENGINE=InnoDB DEFAULT CHARSET=utf8 COLLATE=utf8_bin COMMENT='Table coordinates for phpMyAdmin PDF output';

-- --------------------------------------------------------

--
-- Table structure for table `pma__table_info`
--

CREATE TABLE `pma__table_info` (
  `db_name` varchar(64) COLLATE utf8_bin NOT NULL DEFAULT '',
  `table_name` varchar(64) COLLATE utf8_bin NOT NULL DEFAULT '',
  `display_field` varchar(64) COLLATE utf8_bin NOT NULL DEFAULT ''
) ENGINE=InnoDB DEFAULT CHARSET=utf8 COLLATE=utf8_bin COMMENT='Table information for phpMyAdmin';

-- --------------------------------------------------------

--
-- Table structure for table `pma__table_uiprefs`
--

CREATE TABLE `pma__table_uiprefs` (
  `username` varchar(64) COLLATE utf8_bin NOT NULL,
  `db_name` varchar(64) COLLATE utf8_bin NOT NULL,
  `table_name` varchar(64) COLLATE utf8_bin NOT NULL,
  `prefs` text COLLATE utf8_bin NOT NULL,
  `last_update` timestamp NOT NULL DEFAULT CURRENT_TIMESTAMP ON UPDATE CURRENT_TIMESTAMP
) ENGINE=InnoDB DEFAULT CHARSET=utf8 COLLATE=utf8_bin COMMENT='Tables'' UI preferences';

--
-- Dumping data for table `pma__table_uiprefs`
--

INSERT INTO `pma__table_uiprefs` (`username`, `db_name`, `table_name`, `prefs`, `last_update`) VALUES
('root', 'skripsiibasinventory', 'register', '{\"CREATE_TIME\":\"2018-03-11 23:29:06\",\"col_order\":[0,1,2,3,4],\"col_visib\":[1,1,1,1,1]}', '2018-08-27 14:28:43');

-- --------------------------------------------------------

--
-- Table structure for table `pma__tracking`
--

CREATE TABLE `pma__tracking` (
  `db_name` varchar(64) COLLATE utf8_bin NOT NULL,
  `table_name` varchar(64) COLLATE utf8_bin NOT NULL,
  `version` int(10) UNSIGNED NOT NULL,
  `date_created` datetime NOT NULL,
  `date_updated` datetime NOT NULL,
  `schema_snapshot` text COLLATE utf8_bin NOT NULL,
  `schema_sql` text COLLATE utf8_bin,
  `data_sql` longtext COLLATE utf8_bin,
  `tracking` set('UPDATE','REPLACE','INSERT','DELETE','TRUNCATE','CREATE DATABASE','ALTER DATABASE','DROP DATABASE','CREATE TABLE','ALTER TABLE','RENAME TABLE','DROP TABLE','CREATE INDEX','DROP INDEX','CREATE VIEW','ALTER VIEW','DROP VIEW') COLLATE utf8_bin DEFAULT NULL,
  `tracking_active` int(1) UNSIGNED NOT NULL DEFAULT '1'
) ENGINE=InnoDB DEFAULT CHARSET=utf8 COLLATE=utf8_bin COMMENT='Database changes tracking for phpMyAdmin';

-- --------------------------------------------------------

--
-- Table structure for table `pma__userconfig`
--

CREATE TABLE `pma__userconfig` (
  `username` varchar(64) COLLATE utf8_bin NOT NULL,
  `timevalue` timestamp NOT NULL DEFAULT CURRENT_TIMESTAMP ON UPDATE CURRENT_TIMESTAMP,
  `config_data` text COLLATE utf8_bin NOT NULL
) ENGINE=InnoDB DEFAULT CHARSET=utf8 COLLATE=utf8_bin COMMENT='User preferences storage for phpMyAdmin';

--
-- Dumping data for table `pma__userconfig`
--

INSERT INTO `pma__userconfig` (`username`, `timevalue`, `config_data`) VALUES
('root', '2017-11-27 16:53:40', '{\"collation_connection\":\"utf8mb4_unicode_ci\"}');

-- --------------------------------------------------------

--
-- Table structure for table `pma__usergroups`
--

CREATE TABLE `pma__usergroups` (
  `usergroup` varchar(64) COLLATE utf8_bin NOT NULL,
  `tab` varchar(64) COLLATE utf8_bin NOT NULL,
  `allowed` enum('Y','N') COLLATE utf8_bin NOT NULL DEFAULT 'N'
) ENGINE=InnoDB DEFAULT CHARSET=utf8 COLLATE=utf8_bin COMMENT='User groups with configured menu items';

-- --------------------------------------------------------

--
-- Table structure for table `pma__users`
--

CREATE TABLE `pma__users` (
  `username` varchar(64) COLLATE utf8_bin NOT NULL,
  `usergroup` varchar(64) COLLATE utf8_bin NOT NULL
) ENGINE=InnoDB DEFAULT CHARSET=utf8 COLLATE=utf8_bin COMMENT='Users and their assignments to user groups';

--
-- Indexes for dumped tables
--

--
-- Indexes for table `pma__bookmark`
--
ALTER TABLE `pma__bookmark`
  ADD PRIMARY KEY (`id`);

--
-- Indexes for table `pma__central_columns`
--
ALTER TABLE `pma__central_columns`
  ADD PRIMARY KEY (`db_name`,`col_name`);

--
-- Indexes for table `pma__column_info`
--
ALTER TABLE `pma__column_info`
  ADD PRIMARY KEY (`id`),
  ADD UNIQUE KEY `db_name` (`db_name`,`table_name`,`column_name`);

--
-- Indexes for table `pma__designer_settings`
--
ALTER TABLE `pma__designer_settings`
  ADD PRIMARY KEY (`username`);

--
-- Indexes for table `pma__export_templates`
--
ALTER TABLE `pma__export_templates`
  ADD PRIMARY KEY (`id`),
  ADD UNIQUE KEY `u_user_type_template` (`username`,`export_type`,`template_name`);

--
-- Indexes for table `pma__favorite`
--
ALTER TABLE `pma__favorite`
  ADD PRIMARY KEY (`username`);

--
-- Indexes for table `pma__history`
--
ALTER TABLE `pma__history`
  ADD PRIMARY KEY (`id`),
  ADD KEY `username` (`username`,`db`,`table`,`timevalue`);

--
-- Indexes for table `pma__navigationhiding`
--
ALTER TABLE `pma__navigationhiding`
  ADD PRIMARY KEY (`username`,`item_name`,`item_type`,`db_name`,`table_name`);

--
-- Indexes for table `pma__pdf_pages`
--
ALTER TABLE `pma__pdf_pages`
  ADD PRIMARY KEY (`page_nr`),
  ADD KEY `db_name` (`db_name`);

--
-- Indexes for table `pma__recent`
--
ALTER TABLE `pma__recent`
  ADD PRIMARY KEY (`username`);

--
-- Indexes for table `pma__relation`
--
ALTER TABLE `pma__relation`
  ADD PRIMARY KEY (`master_db`,`master_table`,`master_field`),
  ADD KEY `foreign_field` (`foreign_db`,`foreign_table`);

--
-- Indexes for table `pma__savedsearches`
--
ALTER TABLE `pma__savedsearches`
  ADD PRIMARY KEY (`id`),
  ADD UNIQUE KEY `u_savedsearches_username_dbname` (`username`,`db_name`,`search_name`);

--
-- Indexes for table `pma__table_coords`
--
ALTER TABLE `pma__table_coords`
  ADD PRIMARY KEY (`db_name`,`table_name`,`pdf_page_number`);

--
-- Indexes for table `pma__table_info`
--
ALTER TABLE `pma__table_info`
  ADD PRIMARY KEY (`db_name`,`table_name`);

--
-- Indexes for table `pma__table_uiprefs`
--
ALTER TABLE `pma__table_uiprefs`
  ADD PRIMARY KEY (`username`,`db_name`,`table_name`);

--
-- Indexes for table `pma__tracking`
--
ALTER TABLE `pma__tracking`
  ADD PRIMARY KEY (`db_name`,`table_name`,`version`);

--
-- Indexes for table `pma__userconfig`
--
ALTER TABLE `pma__userconfig`
  ADD PRIMARY KEY (`username`);

--
-- Indexes for table `pma__usergroups`
--
ALTER TABLE `pma__usergroups`
  ADD PRIMARY KEY (`usergroup`,`tab`,`allowed`);

--
-- Indexes for table `pma__users`
--
ALTER TABLE `pma__users`
  ADD PRIMARY KEY (`username`,`usergroup`);

--
-- AUTO_INCREMENT for dumped tables
--

--
-- AUTO_INCREMENT for table `pma__bookmark`
--
ALTER TABLE `pma__bookmark`
  MODIFY `id` int(11) NOT NULL AUTO_INCREMENT;

--
-- AUTO_INCREMENT for table `pma__column_info`
--
ALTER TABLE `pma__column_info`
  MODIFY `id` int(5) UNSIGNED NOT NULL AUTO_INCREMENT;

--
-- AUTO_INCREMENT for table `pma__export_templates`
--
ALTER TABLE `pma__export_templates`
  MODIFY `id` int(5) UNSIGNED NOT NULL AUTO_INCREMENT;

--
-- AUTO_INCREMENT for table `pma__history`
--
ALTER TABLE `pma__history`
  MODIFY `id` bigint(20) UNSIGNED NOT NULL AUTO_INCREMENT;

--
-- AUTO_INCREMENT for table `pma__pdf_pages`
--
ALTER TABLE `pma__pdf_pages`
  MODIFY `page_nr` int(10) UNSIGNED NOT NULL AUTO_INCREMENT;

--
-- AUTO_INCREMENT for table `pma__savedsearches`
--
ALTER TABLE `pma__savedsearches`
  MODIFY `id` int(5) UNSIGNED NOT NULL AUTO_INCREMENT;
--
-- Database: `skripsiibas`
--
CREATE DATABASE IF NOT EXISTS `skripsiibas` DEFAULT CHARACTER SET latin1 COLLATE latin1_swedish_ci;
USE `skripsiibas`;

-- --------------------------------------------------------

--
-- Table structure for table `barang_keluar`
--

CREATE TABLE `barang_keluar` (
  `nomer_transaksi` varchar(25) NOT NULL,
  `tanggal` date DEFAULT NULL,
  `kode_barang` varchar(25) NOT NULL,
  `jumlah_barang` int(11) DEFAULT NULL,
  `satuan` varchar(25) DEFAULT NULL,
  `keterangan` varchar(25) DEFAULT NULL
) ENGINE=InnoDB DEFAULT CHARSET=latin1;

--
-- Dumping data for table `barang_keluar`
--

INSERT INTO `barang_keluar` (`nomer_transaksi`, `tanggal`, `kode_barang`, `jumlah_barang`, `satuan`, `keterangan`) VALUES
('OUT0000001', '2018-04-04', 'FRNT-AXL-6x40', 3, 'Unit', 'Pengambilan'),
('OUT0000002', '2018-04-05', 'BH-12x45', 2, 'Pcs', 'Pengambilan'),
('OUT0000003', '2018-04-05', 'BH-12x45', 10000, 'Pcs', 'Pengambilan'),
('OUT0000004', '2018-04-05', 'BH-12x45', 23, 'Pcs', 'Pengambilan'),
('OUT0000005', '2018-04-05', 'BH-12x45', 1, 'Pcs', 'Pengambilan'),
('OUT0000006', '2018-04-06', 'BH-12x45', 1, 'Pcs', 'Pengambilan'),
('OUT0000007', '2018-04-20', 'BH-12x45', 20, 'Pcs', 'Penjualan'),
('OUT0000008', '2018-04-28', 'BH-12x50', 2, 'Pcs', 'Pengambilan'),
('OUT0000009', '2018-05-04', 'asdasd', 2, 'Pcs', 'Pengambilan'),
('OUT0000010', '2018-06-05', 'asdasd', 1, 'Unit', 'Reject'),
('OUT0000011', '2018-06-05', 'BH-12x50', 2, 'Pcs', 'Pengambilan'),
('OUT0000012', '2018-06-05', 'BH-12x45', 2, 'Pcs', 'Pengambilan'),
('OUT0000013', '2018-07-21', 'BH-12x45', 100, 'Pcs', 'Pengambilan'),
('OUT0000014', '2018-08-08', 'BH-12x45', 33, 'Pcs', 'Pengambilan'),
('OUT0000015', '2018-08-07', 'BH-12x45', 73, 'Pcs', 'Pengambilan'),
('OUT0000016', '2018-08-28', 'BH-12x45', 4, 'Pcs', 'Pengambilan'),
('OUT0000017', '2018-08-21', 'BH-12x45', 3, 'Pcs', 'Pengambilan');

--
-- Triggers `barang_keluar`
--
DELIMITER $$
CREATE TRIGGER `pengurangan` AFTER INSERT ON `barang_keluar` FOR EACH ROW UPDATE stok_barang set stok=stok - new.jumlah_barang
where kode_barang=new.kode_barang
$$
DELIMITER ;

-- --------------------------------------------------------

--
-- Table structure for table `barang_masuk`
--

CREATE TABLE `barang_masuk` (
  `nomer_transaksi` varchar(25) NOT NULL,
  `tanggal` date DEFAULT NULL,
  `kode_barang` varchar(25) NOT NULL,
  `kode_supplier` varchar(25) DEFAULT NULL,
  `jumlah_barang` int(11) DEFAULT NULL,
  `satuan` varchar(25) DEFAULT NULL,
  `keterangan` varchar(25) DEFAULT NULL
) ENGINE=InnoDB DEFAULT CHARSET=latin1;

--
-- Dumping data for table `barang_masuk`
--

INSERT INTO `barang_masuk` (`nomer_transaksi`, `tanggal`, `kode_barang`, `kode_supplier`, `jumlah_barang`, `satuan`, `keterangan`) VALUES
('RCV0000001', '2018-04-04', 'FRNT-AXL-6x37', 'ALCSJT', 33, 'Pcs', 'Pemasukan'),
('RCV0000002', '2018-04-05', 'BH-12x50', 'ALCSJT', 12, 'Pcs', 'Pemasukan'),
('RCV0000003', '2018-04-05', 'FRNT-AXL-6x41', 'MRTTG', 11, 'Pcs', 'Pemasukan'),
('RCV0000004', '2018-04-05', 'BH-12x45', 'ALCSJT', 26, 'Pcs', 'Pemasukan'),
('RCV0000005', '2018-04-05', 'BH-12x45', 'ALCSJT', 10000, 'Pcs', 'Pemasukan'),
('RCV0000006', '2018-06-06', 'BH-12x45', 'ALCSJT', 2, 'Pcs', 'Pemasukan'),
('RCV0000007', '2018-06-20', 'BH-12x45', 'ALCSJT', 2, 'Pcs', 'Pemasukan'),
('RCV0000008', '2018-08-28', 'BH-12x45', 'ALCSJT', 6, 'Pcs', 'Pemasukan'),
('RCV0000009', '2018-08-28', 'BH-12x50', 'ALCSJT', 3, 'Pcs', 'Pemasukan');

--
-- Triggers `barang_masuk`
--
DELIMITER $$
CREATE TRIGGER `penambahan` AFTER INSERT ON `barang_masuk` FOR EACH ROW UPDATE stok_barang set stok=stok + new.jumlah_barang
where kode_barang=new.kode_barang
$$
DELIMITER ;

-- --------------------------------------------------------

--
-- Table structure for table `cart`
--

CREATE TABLE `cart` (
  `nomer_transaksi` varchar(25) NOT NULL,
  `tanggal` date DEFAULT NULL,
  `kode_barang` varchar(25) NOT NULL,
  `jumlah_barang` int(11) DEFAULT NULL,
  `satuan` varchar(25) DEFAULT NULL,
  `keterangan` varchar(25) DEFAULT NULL
) ENGINE=InnoDB DEFAULT CHARSET=latin1;

-- --------------------------------------------------------

--
-- Table structure for table `customer`
--

CREATE TABLE `customer` (
  `kode_customer` varchar(25) NOT NULL,
  `nama_customer` varchar(50) DEFAULT NULL,
  `alamat` varchar(50) DEFAULT NULL,
  `kota` varchar(20) DEFAULT NULL,
  `email` varchar(40) DEFAULT NULL,
  `telp` int(11) DEFAULT NULL,
  `fax` int(11) DEFAULT NULL
) ENGINE=InnoDB DEFAULT CHARSET=latin1;

--
-- Dumping data for table `customer`
--

INSERT INTO `customer` (`kode_customer`, `nama_customer`, `alamat`, `kota`, `email`, `telp`, `fax`) VALUES
('AUM', 'PT. Agung Auto Mall', 'Jl Padurenan', 'Bekasi', 'agungauto@gmail.com', 88990076, 88990076),
('HMSI', 'PT. Hino Motor Sales Indonesia', 'Jl Jatake', 'Jakarta', 'hmsijatake@gmail.com', 88112233, 88112233),
('MTSJYABD', 'PT. Mitsubishi Jaya abadi', 'Jl Jababeka 3', 'Cikarang', 'mtsjayaabadi@gmail.com', 88445512, 88445512);

-- --------------------------------------------------------

--
-- Table structure for table `order_barang`
--

CREATE TABLE `order_barang` (
  `nomer_order` varchar(25) NOT NULL,
  `tanggal` date DEFAULT NULL,
  `kode_barang` varchar(25) DEFAULT NULL,
  `nama_barang` varchar(25) DEFAULT NULL,
  `jumlah_order` int(11) DEFAULT NULL,
  `jumlah_kedatangan` int(11) DEFAULT NULL,
  `keterangan` varchar(25) DEFAULT NULL
) ENGINE=InnoDB DEFAULT CHARSET=latin1;

--
-- Dumping data for table `order_barang`
--

INSERT INTO `order_barang` (`nomer_order`, `tanggal`, `kode_barang`, `nama_barang`, `jumlah_order`, `jumlah_kedatangan`, `keterangan`) VALUES
('ORD0000002', '2018-04-05', 'TRN-U-MRD-01', 'Trasnfer Un Merried', 100, 100, 'Urgent'),
('ORD0000004', '2018-07-21', 'BH-12x45', 'Bolt Hex M12x45', 100, 100, 'Permintaan Barang'),
('ORD0000005', '2018-08-06', 'BH-12x45', 'Bolt Hex M12x45', 23, 23, 'Urgent'),
('ORD0000006', '2018-08-23', 'TRN-MRD-01', 'Trasnfer Merried', 23, 23, 'Urgenta'),
('ORD0000007', '2018-08-31', 'TRN-U-MRD-01', 'Trasnfer Un Merried', 42, 10, 'Urgent');

-- --------------------------------------------------------

--
-- Table structure for table `purchas_receiving`
--

CREATE TABLE `purchas_receiving` (
  `nomer_receiving` varchar(25) NOT NULL,
  `nomer_order` varchar(25) DEFAULT NULL,
  `tanggal` date DEFAULT NULL,
  `kode_supplier` varchar(25) DEFAULT NULL,
  `jumlah_barang` int(11) DEFAULT NULL,
  `keterangan_barang` varchar(25) DEFAULT NULL
) ENGINE=InnoDB DEFAULT CHARSET=latin1;

--
-- Dumping data for table `purchas_receiving`
--

INSERT INTO `purchas_receiving` (`nomer_receiving`, `nomer_order`, `tanggal`, `kode_supplier`, `jumlah_barang`, `keterangan_barang`) VALUES
('RCV0000001', 'ORD0000001', '2018-04-28', 'BH-12x45', 2, 'Parsial'),
('RCV0000004', 'ORD0000001', '2018-04-28', 'BH-12x45', 2, 'Lunas'),
('RCV0000005', 'ORD0000003', '2018-04-28', 'FRNT-AXL-6x41', 3, 'Lunas'),
('RCV0000007', 'ORD0000004', '2018-07-21', 'BH-12x45', 50, 'On Order'),
('RCV0000008', 'ORD0000005', '2018-08-06', 'BH-12x45', 23, 'lunas'),
('RCV0000009', 'ORD0000004', '2018-08-07', 'BH-12x45', 50, 'close'),
('RCV0000010', 'ORD0000006', '2018-08-23', 'TRN-MRD-01', 20, 'parsial'),
('RCV0000011', 'ORD0000006', '2018-08-23', 'TRN-MRD-01', 3, 'selesai'),
('RCV0000012', 'ORD0000007', '2018-08-31', 'ALCSJT', 10, 'Parsial');

--
-- Triggers `purchas_receiving`
--
DELIMITER $$
CREATE TRIGGER `penambahanreceiving` AFTER INSERT ON `purchas_receiving` FOR EACH ROW UPDATE order_barang set jumlah_kedatangan=jumlah_kedatangan + new.jumlah_barang
where nomer_order=new.nomer_order
$$
DELIMITER ;

-- --------------------------------------------------------

--
-- Table structure for table `purchas_receivingrtr`
--

CREATE TABLE `purchas_receivingrtr` (
  `nomer_receivingrtr` varchar(25) NOT NULL,
  `nomer_reture` varchar(25) DEFAULT NULL,
  `tanggal` date DEFAULT NULL,
  `kode_barang` varchar(25) DEFAULT NULL,
  `jumlah_barang` int(11) DEFAULT NULL,
  `keterangan_barang` varchar(25) DEFAULT NULL
) ENGINE=InnoDB DEFAULT CHARSET=latin1;

--
-- Dumping data for table `purchas_receivingrtr`
--

INSERT INTO `purchas_receivingrtr` (`nomer_receivingrtr`, `nomer_reture`, `tanggal`, `kode_barang`, `jumlah_barang`, `keterangan_barang`) VALUES
('RCV0000001', 'RTR0000002', '2018-04-28', 'BH-12x45', 10, 'Parsial'),
('RCV0000002', 'RTR0000002', '2018-04-28', 'BH-12x45', 1, 'Lunas'),
('RCV0000003', 'RTR0000001', '2018-05-04', 'BH-12x45', 1, 'Lunas'),
('RCV0000004', 'RTR0000003', '2018-06-05', 'TRN-U-MRD-01', 2, 'lunas'),
('RCV0000005', 'RTR0000005', '2018-06-06', 'BH-12x45', 2, 'Lunas'),
('RCV0000006', 'RTR0000004', '2018-08-31', 'BH-12x45', 30, 'Close');

--
-- Triggers `purchas_receivingrtr`
--
DELIMITER $$
CREATE TRIGGER `penambahanreceivingrtr` AFTER INSERT ON `purchas_receivingrtr` FOR EACH ROW UPDATE reture_barang set jumlah_kedatangan=jumlah_kedatangan + new.jumlah_barang
where nomer_reture=new.nomer_reture
$$
DELIMITER ;

-- --------------------------------------------------------

--
-- Table structure for table `register`
--

CREATE TABLE `register` (
  `nama_depan` varchar(25) DEFAULT NULL,
  `nama_belakang` varchar(25) DEFAULT NULL,
  `tanggal` date DEFAULT NULL,
  `username` varchar(25) NOT NULL,
  `password` varchar(50) DEFAULT NULL,
  `status` varchar(25) DEFAULT NULL,
  `foto` text NOT NULL
) ENGINE=InnoDB DEFAULT CHARSET=latin1;

--
-- Dumping data for table `register`
--

INSERT INTO `register` (`nama_depan`, `nama_belakang`, `tanggal`, `username`, `password`, `status`, `foto`) VALUES
('ibas', 'base', '2018-08-28', 'ibas', '4f0c6beb94590174d66943a5fdc4840c', 'admin', '2015-05-26 11.jpg'),
('purchas', 'ing', '2018-08-28', 'purchasing', '74ba4e8291e8b2e40a31a50505f8b72e', 'purchasing', 'purchasing.jpg'),
('sss', 'sss', '2018-08-28', 'sss', '9f6e6800cfae7749eb6c486619254b9c', 'admin', '401367_346777468684983_942870406_n.jpg'),
('ware', 'house', '2018-08-28', 'warehouse', '372d30dd2849813ef674855253900679', 'warehouse', 'warehouse.jpg');

-- --------------------------------------------------------

--
-- Table structure for table `reture_barang`
--

CREATE TABLE `reture_barang` (
  `nomer_reture` varchar(25) NOT NULL,
  `tanggal` date DEFAULT NULL,
  `kode_barang` varchar(25) DEFAULT NULL,
  `nama_barang` varchar(25) DEFAULT NULL,
  `jumlah_reture` int(11) DEFAULT NULL,
  `jumlah_kedatangan` int(11) DEFAULT NULL,
  `keterangan` varchar(25) DEFAULT NULL
) ENGINE=InnoDB DEFAULT CHARSET=latin1;

--
-- Dumping data for table `reture_barang`
--

INSERT INTO `reture_barang` (`nomer_reture`, `tanggal`, `kode_barang`, `nama_barang`, `jumlah_reture`, `jumlah_kedatangan`, `keterangan`) VALUES
('RTR0000001', '2018-04-19', 'BH-12x45', 'Bolt Hex M12x45', 1, 1, 'Reture'),
('RTR0000002', '2018-04-19', 'BH-12x45', 'Bolt Hex M12x45', 11, 11, 'Reture'),
('RTR0000003', '2018-04-20', 'TRN-U-MRD-01', 'Trasnfer Un Merried', 2, 2, 'Reture'),
('RTR0000004', '2018-05-08', 'BH-12x45', 'Bolt Hex M12x45', 30, 30, 'Reture'),
('RTR0000005', '2018-06-06', 'BH-12x45', 'Bolt Hex M12x45', 2, 2, 'NG');

--
-- Triggers `reture_barang`
--
DELIMITER $$
CREATE TRIGGER `penguranganreture` AFTER INSERT ON `reture_barang` FOR EACH ROW UPDATE stok_barang set stok=stok - new.jumlah_reture
where kode_barang=new.kode_barang
$$
DELIMITER ;

-- --------------------------------------------------------

--
-- Table structure for table `stok_barang`
--

CREATE TABLE `stok_barang` (
  `kode_barang` varchar(30) NOT NULL,
  `nama_barang` varchar(50) DEFAULT NULL,
  `jenis_barang` varchar(25) DEFAULT NULL,
  `stok` int(11) NOT NULL
) ENGINE=InnoDB DEFAULT CHARSET=latin1;

--
-- Dumping data for table `stok_barang`
--

INSERT INTO `stok_barang` (`kode_barang`, `nama_barang`, `jenis_barang`, `stok`) VALUES
('BH-12x45', 'Bolt Hex M12x45', 'Bolt Hexx', 493),
('BH-12x50', 'Bolt Hex M12x50', 'Bolt Hex', 811),
('BH-14x40', 'Bolt Hex M14x40', 'Bolt Hex', 11),
('CSA-01-MRD', 'Cover Shifter Area Merried', 'Assy Unit', 20),
('CSA-02-UMRD', 'Cover Shifter Area Un Merried', 'Assy Unit', 43),
('DF-6x40', 'Differential Assy 6x40', 'Assy Unit', 22),
('FB-10x25', 'Flange Bolt M10x25', 'Bolt Flange', 112),
('FRNT-AXL-6x37', 'Front Axle 6x37', 'Assy Unit', 120),
('FRNT-AXL-6x40', 'Front Axle 6x40', 'Assy Unit', 9),
('FRNT-AXL-6x41', 'Front Axle 6x41', 'Assy Unit', 133),
('TRN-MRD-01', 'Trasnfer Merried', 'Assy Unit', 100),
('TRN-U-MRD-01', 'Trasnfer Un Merried', 'Assy Unit', 898);

-- --------------------------------------------------------

--
-- Table structure for table `supplier`
--

CREATE TABLE `supplier` (
  `kode_supplier` varchar(25) NOT NULL,
  `nama_supplier` varchar(50) DEFAULT NULL,
  `produk` varchar(50) NOT NULL,
  `alamat` varchar(50) DEFAULT NULL,
  `kota` varchar(20) DEFAULT NULL,
  `email` varchar(40) DEFAULT NULL,
  `telp` int(11) DEFAULT NULL,
  `fax` int(11) DEFAULT NULL
) ENGINE=InnoDB DEFAULT CHARSET=latin1;

--
-- Dumping data for table `supplier`
--

INSERT INTO `supplier` (`kode_supplier`, `nama_supplier`, `produk`, `alamat`, `kota`, `email`, `telp`, `fax`) VALUES
('ALCSJT', 'PT. Alcorindo Sejahteraa', 'Transfer Assy', 'Jl Raya Narogong ', 'Bekasi', 'alcorindosjt@gmail.com', 88778845, 88778845),
('ASNBB', 'PT. Asian Berindo Bearingg', 'Bearing', 'Jl Tangerang Raya', 'Tangerang', 'asianbb@gmail.com', 88665412, 88665412),
('BNTGBRTM', 'PT. Bintang Baru Tama', 'Bearing Needle', 'Jl Tangerang Banten', 'Tangerang', 'bintangbaru@gmail.com', 88009988, 88009988),
('MRTTG', 'PT. Morita Tjokro Gearindo', 'Shaft', 'Jln Pulo Gadung Raya', 'Jakartaa', 'mtg@gmail.com', 88787667, 88787667),
('SKNAG', 'PT. Sekina Agung', 'Cutting', 'Jln Kebon Jeruk', 'Jakarta', 'Sekinaagung@gmail.com', 88675467, 88675467),
('SKWPM', 'PT. Sagatek Tekindo', 'Bolt', 'Jl Jababeka 2', 'Cikarang', 'spm@gmail.com', 889967564, 889967564);

-- --------------------------------------------------------

--
-- Table structure for table `vendor`
--

CREATE TABLE `vendor` (
  `kode_vendor` varchar(25) NOT NULL,
  `nama_vendor` varchar(50) DEFAULT NULL,
  `alamat` varchar(50) DEFAULT NULL,
  `kota` varchar(20) DEFAULT NULL,
  `email` varchar(40) DEFAULT NULL,
  `telp` int(11) DEFAULT NULL,
  `fax` int(11) DEFAULT NULL
) ENGINE=InnoDB DEFAULT CHARSET=latin1;

--
-- Dumping data for table `vendor`
--

INSERT INTO `vendor` (`kode_vendor`, `nama_vendor`, `alamat`, `kota`, `email`, `telp`, `fax`) VALUES
('AXLIND', 'PT. AXLE INDONESIA', 'Jl Sumatra MM2100', 'Cikarangg', 'axleind@gmail.com', 88990098, 88990098),
('HTMLIND', 'PT. Hotmal Indonesia', 'Jl Tangerang Raya', 'Cikarang', 'hotmalind@gmail.com', 88997645, 88997645),
('INDKDPLTG', 'PT. Indo Kida Plating', 'Jl Bali MM2100', 'Cikarang', 'indokida@gmail.com', 88778765, 88778765),
('LNCRJYABD', 'PT. Lancar Jaya Abadi', 'Jl Narogong Raya', 'Bekasi', 'lancarjaya@gmail.com', 88776545, 88776545);

--
-- Indexes for dumped tables
--

--
-- Indexes for table `barang_keluar`
--
ALTER TABLE `barang_keluar`
  ADD PRIMARY KEY (`nomer_transaksi`),
  ADD KEY `kode_barang` (`kode_barang`);

--
-- Indexes for table `barang_masuk`
--
ALTER TABLE `barang_masuk`
  ADD PRIMARY KEY (`nomer_transaksi`),
  ADD KEY `kode_barang` (`kode_barang`);

--
-- Indexes for table `cart`
--
ALTER TABLE `cart`
  ADD PRIMARY KEY (`nomer_transaksi`);

--
-- Indexes for table `customer`
--
ALTER TABLE `customer`
  ADD PRIMARY KEY (`kode_customer`);

--
-- Indexes for table `order_barang`
--
ALTER TABLE `order_barang`
  ADD PRIMARY KEY (`nomer_order`);

--
-- Indexes for table `purchas_receiving`
--
ALTER TABLE `purchas_receiving`
  ADD PRIMARY KEY (`nomer_receiving`),
  ADD KEY `FK_purchas_receiving_barang_masuk` (`kode_supplier`);

--
-- Indexes for table `purchas_receivingrtr`
--
ALTER TABLE `purchas_receivingrtr`
  ADD PRIMARY KEY (`nomer_receivingrtr`),
  ADD KEY `kode_barang` (`kode_barang`);

--
-- Indexes for table `register`
--
ALTER TABLE `register`
  ADD PRIMARY KEY (`username`);

--
-- Indexes for table `reture_barang`
--
ALTER TABLE `reture_barang`
  ADD PRIMARY KEY (`nomer_reture`),
  ADD KEY `kode_barang` (`kode_barang`);

--
-- Indexes for table `stok_barang`
--
ALTER TABLE `stok_barang`
  ADD PRIMARY KEY (`kode_barang`);

--
-- Indexes for table `supplier`
--
ALTER TABLE `supplier`
  ADD PRIMARY KEY (`kode_supplier`);

--
-- Indexes for table `vendor`
--
ALTER TABLE `vendor`
  ADD PRIMARY KEY (`kode_vendor`);
--
-- Database: `skripsiibasabilowo`
--
CREATE DATABASE IF NOT EXISTS `skripsiibasabilowo` DEFAULT CHARACTER SET latin1 COLLATE latin1_swedish_ci;
USE `skripsiibasabilowo`;

-- --------------------------------------------------------

--
-- Table structure for table `barang_keluar`
--

CREATE TABLE `barang_keluar` (
  `nomer_transaksi` varchar(20) NOT NULL,
  `tanggal` date DEFAULT NULL,
  `kode_barang` varchar(30) DEFAULT NULL,
  `jumlah_barang` int(11) DEFAULT NULL,
  `satuan` varchar(30) DEFAULT NULL,
  `keterangan` varchar(30) DEFAULT NULL
) ENGINE=InnoDB DEFAULT CHARSET=latin1;

-- --------------------------------------------------------

--
-- Table structure for table `barang_masuk`
--

CREATE TABLE `barang_masuk` (
  `nomer_transaksi` varchar(20) NOT NULL,
  `tanggal` date DEFAULT NULL,
  `kode_barang` varchar(30) DEFAULT NULL,
  `kode_supplier` varchar(30) DEFAULT NULL,
  `jumlah_barang` int(11) DEFAULT NULL,
  `satuan` varchar(30) DEFAULT NULL,
  `keterangan` varchar(30) DEFAULT NULL
) ENGINE=InnoDB DEFAULT CHARSET=latin1;

-- --------------------------------------------------------

--
-- Table structure for table `cart`
--

CREATE TABLE `cart` (
  `nomer_transaksi` varchar(20) NOT NULL,
  `tanggal` date DEFAULT NULL,
  `kode_barang` varchar(30) DEFAULT NULL,
  `jumlah_barang` int(11) DEFAULT NULL,
  `satuan` varchar(30) DEFAULT NULL,
  `keterangan` varchar(30) DEFAULT NULL
) ENGINE=InnoDB DEFAULT CHARSET=latin1;

-- --------------------------------------------------------

--
-- Table structure for table `customer`
--

CREATE TABLE `customer` (
  `kode_customer` varchar(20) NOT NULL,
  `nama_customer` varchar(50) DEFAULT NULL,
  `alamat` varchar(50) DEFAULT NULL,
  `kota` varchar(30) DEFAULT NULL,
  `email` varchar(50) DEFAULT NULL,
  `telp` int(11) DEFAULT NULL,
  `fax` int(11) DEFAULT NULL
) ENGINE=InnoDB DEFAULT CHARSET=latin1;

-- --------------------------------------------------------

--
-- Table structure for table `order_barang`
--

CREATE TABLE `order_barang` (
  `nomer_order` varchar(30) NOT NULL,
  `tanggal` date DEFAULT NULL,
  `kode_barang` varchar(30) DEFAULT NULL,
  `nama_barang` varchar(30) DEFAULT NULL,
  `jumlah_order` int(11) DEFAULT NULL,
  `jumlah kedatangan` int(11) DEFAULT NULL,
  `keterangan` varchar(30) DEFAULT NULL
) ENGINE=InnoDB DEFAULT CHARSET=latin1;

-- --------------------------------------------------------

--
-- Table structure for table `purchas_receiving`
--

CREATE TABLE `purchas_receiving` (
  `nomer_receiving` varchar(30) NOT NULL,
  `nomer_order` varchar(30) NOT NULL,
  `tanggal` date NOT NULL,
  `kode_barang` varchar(30) NOT NULL,
  `jumlah_barang` int(11) NOT NULL,
  `keterangan_barang` varchar(30) NOT NULL
) ENGINE=InnoDB DEFAULT CHARSET=latin1;

-- --------------------------------------------------------

--
-- Table structure for table `purchas_receivingrtr`
--

CREATE TABLE `purchas_receivingrtr` (
  `nomer_receiving_rtr` varchar(30) NOT NULL,
  `nomer_reture` varchar(30) DEFAULT NULL,
  `tanggal` date DEFAULT NULL,
  `kode_barang` varchar(30) DEFAULT NULL,
  `jumlah_barang` int(11) DEFAULT NULL,
  `keterangan_barang` varchar(30) DEFAULT NULL
) ENGINE=InnoDB DEFAULT CHARSET=latin1;

-- --------------------------------------------------------

--
-- Table structure for table `register`
--

CREATE TABLE `register` (
  `nama_depan` varchar(30) DEFAULT NULL,
  `nama_belakang` varchar(30) DEFAULT NULL,
  `tanggal` date DEFAULT NULL,
  `username` varchar(30) NOT NULL,
  `password` varchar(100) DEFAULT NULL,
  `status` varchar(20) DEFAULT NULL,
  `foto` text
) ENGINE=InnoDB DEFAULT CHARSET=latin1;

--
-- Dumping data for table `register`
--

INSERT INTO `register` (`nama_depan`, `nama_belakang`, `tanggal`, `username`, `password`, `status`, `foto`) VALUES
('admin', 'mimin', '2018-05-02', 'admin', '21232f297a57a5a743894a0e4a801fc3', 'admin', NULL),
('farida', 'sihombing', '2018-05-01', 'farida', '41a6a36598a0acd0d0c3aac95edc7b35', 'purchasing', NULL),
('ibas', 'base', '2018-05-02', 'ibas', '4f0c6beb94590174d66943a5fdc4840c', 'admin', NULL),
('saipul', 'anwar', '2018-05-04', 'ipul', 'db3fd70d6207f588571a26e91d744baf', 'purchasing', NULL),
('memet', 'memet', '2018-06-04', 'memet', 'd3353ed42f3f5dc07015d195dc36bb19', 'admin', NULL),
('purchas', 'ing', '2018-05-01', 'purchasing', '74ba4e8291e8b2e40a31a50505f8b72e', 'purchasing', NULL),
('ware', 'house', '2018-05-02', 'warehouse', '372d30dd2849813ef674855253900679', 'warehouse', NULL);

-- --------------------------------------------------------

--
-- Table structure for table `reture_barang`
--

CREATE TABLE `reture_barang` (
  `nomer_reture` varchar(30) NOT NULL,
  `tanggal` date DEFAULT NULL,
  `kode_barang` varchar(30) DEFAULT NULL,
  `nama_barang` varchar(30) DEFAULT NULL,
  `jumlah_reture` int(11) DEFAULT NULL,
  `jumlah_kedatangan` int(11) DEFAULT NULL,
  `keterangan` varchar(30) DEFAULT NULL
) ENGINE=InnoDB DEFAULT CHARSET=latin1;

-- --------------------------------------------------------

--
-- Table structure for table `stok_barang`
--

CREATE TABLE `stok_barang` (
  `kode_barang` varchar(30) NOT NULL,
  `nama_barang` varchar(30) DEFAULT NULL,
  `jenis_barang` varchar(30) DEFAULT NULL,
  `stok` int(11) DEFAULT NULL
) ENGINE=InnoDB DEFAULT CHARSET=latin1;

--
-- Dumping data for table `stok_barang`
--

INSERT INTO `stok_barang` (`kode_barang`, `nama_barang`, `jenis_barang`, `stok`) VALUES
('TRN MRD 01', 'Trasnfer Merried', 'Assy Unit', 10),
('TRN UMRD 01', 'Trasnfer Un Merried', 'Assy Unit', 20),
('TRN-MRD -01', 'Trasnfer Merried', 'Assy Unit', 30),
('TRN-MRD -02', 'Trasnfer-Merried', 'Assy-Unit', 40);

-- --------------------------------------------------------

--
-- Table structure for table `supplier`
--

CREATE TABLE `supplier` (
  `kode_supplier` varchar(30) NOT NULL,
  `nama_supplier` varchar(30) DEFAULT NULL,
  `alamat` varchar(50) DEFAULT NULL,
  `kota` varchar(30) DEFAULT NULL,
  `email` varchar(40) DEFAULT NULL,
  `telp` int(11) DEFAULT NULL,
  `fax` int(11) DEFAULT NULL
) ENGINE=InnoDB DEFAULT CHARSET=latin1;

-- --------------------------------------------------------

--
-- Table structure for table `vendor`
--

CREATE TABLE `vendor` (
  `kode_vendor` varchar(30) NOT NULL,
  `nama_vendor` varchar(30) NOT NULL,
  `alamat` varchar(50) NOT NULL,
  `kota` varchar(30) NOT NULL,
  `email` varchar(40) NOT NULL,
  `telp` int(11) NOT NULL,
  `fax` int(11) NOT NULL
) ENGINE=InnoDB DEFAULT CHARSET=latin1;

--
-- Indexes for dumped tables
--

--
-- Indexes for table `barang_keluar`
--
ALTER TABLE `barang_keluar`
  ADD PRIMARY KEY (`nomer_transaksi`);

--
-- Indexes for table `barang_masuk`
--
ALTER TABLE `barang_masuk`
  ADD PRIMARY KEY (`nomer_transaksi`);

--
-- Indexes for table `cart`
--
ALTER TABLE `cart`
  ADD PRIMARY KEY (`nomer_transaksi`);

--
-- Indexes for table `customer`
--
ALTER TABLE `customer`
  ADD PRIMARY KEY (`kode_customer`);

--
-- Indexes for table `order_barang`
--
ALTER TABLE `order_barang`
  ADD PRIMARY KEY (`nomer_order`);

--
-- Indexes for table `purchas_receiving`
--
ALTER TABLE `purchas_receiving`
  ADD PRIMARY KEY (`nomer_receiving`);

--
-- Indexes for table `purchas_receivingrtr`
--
ALTER TABLE `purchas_receivingrtr`
  ADD PRIMARY KEY (`nomer_receiving_rtr`);

--
-- Indexes for table `register`
--
ALTER TABLE `register`
  ADD PRIMARY KEY (`username`);

--
-- Indexes for table `reture_barang`
--
ALTER TABLE `reture_barang`
  ADD PRIMARY KEY (`nomer_reture`);

--
-- Indexes for table `stok_barang`
--
ALTER TABLE `stok_barang`
  ADD PRIMARY KEY (`kode_barang`);

--
-- Indexes for table `supplier`
--
ALTER TABLE `supplier`
  ADD PRIMARY KEY (`kode_supplier`);
--
-- Database: `skripsiibasbase`
--
CREATE DATABASE IF NOT EXISTS `skripsiibasbase` DEFAULT CHARACTER SET latin1 COLLATE latin1_swedish_ci;
USE `skripsiibasbase`;

-- --------------------------------------------------------

--
-- Table structure for table `barang_keluar`
--

CREATE TABLE `barang_keluar` (
  `no` int(11) NOT NULL,
  `nomer_transaksi` varchar(10) NOT NULL,
  `tanggal` date DEFAULT NULL,
  `kode_barang` varchar(25) DEFAULT NULL,
  `jumlah_barang` int(11) DEFAULT NULL,
  `satuan` varchar(25) DEFAULT NULL,
  `keterangan` varchar(25) DEFAULT NULL
) ENGINE=InnoDB DEFAULT CHARSET=latin1;

--
-- Dumping data for table `barang_keluar`
--

INSERT INTO `barang_keluar` (`no`, `nomer_transaksi`, `tanggal`, `kode_barang`, `jumlah_barang`, `satuan`, `keterangan`) VALUES
(39, 'OUT0000001', '2018-03-20', 'TR BH 1035', 2, 'Pcs', 'Pengambilan'),
(40, 'OUT0000002', '2018-03-20', 'TR BH 1035', 22, 'Pcs', 'Pengambilan'),
(41, 'OUT0000003', '2018-03-24', 'FX B 1440', 4, 'Pcs', 'Pengambilan'),
(42, 'OUT0000004', '2018-03-24', 'FX B 1240', 7, 'Pcs', 'Pengambilan'),
(43, 'OUT0000005', '2018-03-24', 'TR BH 1035', 9, 'Pcs', 'Penjualan'),
(44, 'OUT0000006', '2018-03-24', 'FX B 1240', 2, 'Pcs', 'Pengambilan'),
(45, 'OUT0000007', '2018-03-24', 'TR BH 1035', 1, 'Pcs', 'Pengambilan'),
(46, 'OUT0000008', '2018-03-24', 'FX B 0610', 4, 'Pcs', 'Pengambilan'),
(47, 'OUT0000009', '2018-03-24', 'FX B 1240', 2, 'Pcs', 'Penjualan');

--
-- Triggers `barang_keluar`
--
DELIMITER $$
CREATE TRIGGER `pengurangan` AFTER INSERT ON `barang_keluar` FOR EACH ROW UPDATE stok_barang set stok=stok - new.jumlah_barang
where kode_barang=new.kode_barang
$$
DELIMITER ;

-- --------------------------------------------------------

--
-- Table structure for table `barang_masuk`
--

CREATE TABLE `barang_masuk` (
  `no` int(11) NOT NULL,
  `nomer_transaksi` varchar(10) NOT NULL,
  `tanggal` date DEFAULT NULL,
  `kode_barang` varchar(25) DEFAULT NULL,
  `kode_supplier` varchar(50) DEFAULT NULL,
  `jumlah_barang` int(11) DEFAULT NULL,
  `satuan` varchar(25) DEFAULT NULL,
  `keterangan` varchar(25) DEFAULT NULL
) ENGINE=InnoDB DEFAULT CHARSET=latin1;

--
-- Dumping data for table `barang_masuk`
--

INSERT INTO `barang_masuk` (`no`, `nomer_transaksi`, `tanggal`, `kode_barang`, `kode_supplier`, `jumlah_barang`, `satuan`, `keterangan`) VALUES
(12, 'RCV0000001', '2018-03-19', 'TR BH 1035', 'SKN AG', 20, 'Pcs', 'Pemasukan'),
(13, 'RCV0000002', '2018-03-19', 'FX B 1240', 'ALC SJHTR', 22, 'Pcs', 'Pemasukan'),
(14, 'RCV0000003', '2018-03-19', 'FX B 1240', 'ALC SJHTR', 3, 'Pcs', 'Pemasukan'),
(15, 'RCV0000004', '2018-03-20', 'TR BH 1035', 'SKN AG', 9, 'Pcs', 'Pemasukan');

--
-- Triggers `barang_masuk`
--
DELIMITER $$
CREATE TRIGGER `penambahan` AFTER INSERT ON `barang_masuk` FOR EACH ROW UPDATE stok_barang set stok=stok + new.jumlah_barang
where kode_barang=new.kode_barang
$$
DELIMITER ;

-- --------------------------------------------------------

--
-- Table structure for table `cart`
--

CREATE TABLE `cart` (
  `no` int(11) NOT NULL,
  `nomer_transaksi` varchar(10) NOT NULL,
  `tanggal` date NOT NULL,
  `kode_barang` varchar(50) NOT NULL,
  `jumlah_barang` int(11) NOT NULL,
  `satuan` varchar(25) NOT NULL,
  `keterangan` varchar(25) NOT NULL
) ENGINE=InnoDB DEFAULT CHARSET=latin1;

--
-- Dumping data for table `cart`
--

INSERT INTO `cart` (`no`, `nomer_transaksi`, `tanggal`, `kode_barang`, `jumlah_barang`, `satuan`, `keterangan`) VALUES
(1, 'OUT0000007', '2018-03-24', 'TR BH 1035', 1, 'Pcs', 'Pengambilan'),
(2, 'OUT0000008', '2018-03-24', 'FX B 0610', 4, 'Pcs', 'Pengambilan'),
(3, 'OUT0000009', '2018-03-24', 'FX B 1240', 2, 'Pcs', 'Penjualan');

-- --------------------------------------------------------

--
-- Table structure for table `order_barang`
--

CREATE TABLE `order_barang` (
  `no` int(11) NOT NULL,
  `nomer_order` varchar(10) NOT NULL,
  `tanggal` date NOT NULL,
  `kode_barang` varchar(15) NOT NULL,
  `nama_barang` varchar(15) NOT NULL,
  `jumlah_order` int(11) NOT NULL,
  `jumlah_kedatangan` int(11) NOT NULL,
  `jumlah_kekurangan` int(11) NOT NULL,
  `keterangan` varchar(20) NOT NULL
) ENGINE=InnoDB DEFAULT CHARSET=latin1;

--
-- Dumping data for table `order_barang`
--

INSERT INTO `order_barang` (`no`, `nomer_order`, `tanggal`, `kode_barang`, `nama_barang`, `jumlah_order`, `jumlah_kedatangan`, `jumlah_kekurangan`, `keterangan`) VALUES
(1, 'ORD0000001', '2018-03-20', 'TR BH 1035', 'Bolt Hex M10x35', 10, 4, 6, 'waiting kedatangan'),
(2, 'ORD0000002', '2018-03-24', 'FX B 0610', 'Bolt M14x40', 90, 60, 30, 'asd');

-- --------------------------------------------------------

--
-- Table structure for table `register`
--

CREATE TABLE `register` (
  `id_user` int(11) NOT NULL,
  `nama_depan` varchar(30) NOT NULL,
  `nama_belakang` varchar(30) NOT NULL,
  `tanggal` date NOT NULL,
  `username` varchar(50) NOT NULL,
  `password` varchar(50) NOT NULL,
  `status` varchar(20) NOT NULL
) ENGINE=InnoDB DEFAULT CHARSET=latin1;

--
-- Dumping data for table `register`
--

INSERT INTO `register` (`id_user`, `nama_depan`, `nama_belakang`, `tanggal`, `username`, `password`, `status`) VALUES
(1, 'ibas', 'abilowo', '2018-03-01', 'ibas', '4f0c6beb94590174d66943a5fdc4840c', 'admin'),
(3, 'mimin', 'admimin', '2018-03-02', 'admin', '21232f297a57a5a743894a0e4a801fc3', 'admin'),
(4, 'rona', 'sukmajaya', '2018-03-03', 'rona', '689b6f533e39e77830b46315ab4cb501', 'admin'),
(8, 'topan', 'maulana', '2018-03-04', 'topan', '2b165d92e828c00b5b83f9dc3eb7cc20', 'admin'),
(9, 'jumadi', 'lakir', '2018-03-05', 'jumadi', 'abfdf17a954abd2e107d6906e9989abd', 'user'),
(10, 'fadil', 'akbar', '2018-03-06', 'fadil', 'd0503276f86a627d6c29bc963106570e', 'admin'),
(13, 'lulu', 'lele', '2018-03-07', 'lulu', 'caea9062aa2921a6627b71d3d27cd505', 'admin'),
(14, 'ware', 'house', '2018-03-08', 'warehouse', '372d30dd2849813ef674855253900679', 'warehouse'),
(15, 'asd', 'qwe', '2018-03-14', 'asdasd', '7815696ecbf1c96e6894b779456d330e', 'warehouse'),
(19, 'pur', 'chasing', '2018-03-16', 'purchasing', '74ba4e8291e8b2e40a31a50505f8b72e', 'purchasing');

-- --------------------------------------------------------

--
-- Table structure for table `stok_barang`
--

CREATE TABLE `stok_barang` (
  `kode_barang` varchar(15) NOT NULL,
  `nama_barang` varchar(20) DEFAULT NULL,
  `jenis_barang` varchar(20) DEFAULT NULL,
  `stok` int(11) DEFAULT NULL
) ENGINE=InnoDB DEFAULT CHARSET=latin1;

--
-- Dumping data for table `stok_barang`
--

INSERT INTO `stok_barang` (`kode_barang`, `nama_barang`, `jenis_barang`, `stok`) VALUES
('0', 'Housing Axle', 'Housing', 200),
('0', 'Bolt M6x10', 'Bolt', 196),
('0', 'Bolt M12x40', 'Bolt', 198),
('0', 'Bolt M14x40', 'Bolt', 203),
('0', 'Red Sealer', 'Konsumable', 400),
('0', 'Seal 40x55x10', 'Bolt', 1323),
('0', 'Seal 50x60x10', 'Seal', 200),
('0', 'Seal 60x90x10', 'Seal', 200),
('0', 'Seal 80x100x10', 'Bolt', 229),
('0', 'Transfer Assy', 'Transfer', 12),
('0', 'Transfer Assy Unmerr', 'Assy', 12),
('0', 'Bolt Hex M10x35', 'Boltt', 120);

-- --------------------------------------------------------

--
-- Table structure for table `supplier`
--

CREATE TABLE `supplier` (
  `no` int(11) NOT NULL,
  `kode_supplier` varchar(25) DEFAULT NULL,
  `nama_supplier` varchar(50) DEFAULT NULL,
  `alamat` varchar(75) DEFAULT NULL,
  `kota` varchar(25) DEFAULT NULL,
  `telp` int(11) DEFAULT NULL,
  `fax` int(11) DEFAULT NULL,
  `email` varchar(30) DEFAULT NULL
) ENGINE=InnoDB DEFAULT CHARSET=latin1;

--
-- Dumping data for table `supplier`
--

INSERT INTO `supplier` (`no`, `kode_supplier`, `nama_supplier`, `alamat`, `kota`, `telp`, `fax`, `email`) VALUES
(6, 'SKN AG', 'Sekina Agung', 'Jl. Kebon Jeruk Jakarta Barat 2', 'Jakartaa', 2147483647, 2147483647, 'sekinaagung@gmail.com'),
(7, 'ALC SJHTR', 'Alcorindo Sejahtera', 'Kawasan Ejip', 'Cikarang', 2147483647, 2147483647, 'alcorindosejahtera@gmail.com'),
(8, 'SPM', 'Sekawan Putra Makmur', 'Jababeka 1', 'Cikarang', 2147483647, 2147483647, 'sekawanputra@gmail.com'),
(9, 'MTG', 'Morita Tjokro Gearindo', 'Pulo Gadung', 'Jakarta', 2147483647, 2147483647, 'moritatjokro@gmail.com'),
(10, 'SGT TKMD', 'PT. Sagatek Teknindo', 'Jl. Margahayu Jaya Bekasi Timur', 'Bekasi', 2147483647, 2147483647, 'sagatek@gmail.com');

-- --------------------------------------------------------

--
-- Table structure for table `vendor`
--

CREATE TABLE `vendor` (
  `no` int(11) NOT NULL,
  `kode_vendor` varchar(25) NOT NULL,
  `nama_vendor` varchar(50) NOT NULL,
  `alamat` varchar(50) NOT NULL,
  `kota` varchar(25) NOT NULL,
  `telp` int(11) NOT NULL,
  `fax` int(11) NOT NULL,
  `email` varchar(50) NOT NULL
) ENGINE=InnoDB DEFAULT CHARSET=latin1;

--
-- Dumping data for table `vendor`
--

INSERT INTO `vendor` (`no`, `kode_vendor`, `nama_vendor`, `alamat`, `kota`, `telp`, `fax`, `email`) VALUES
(1, 'HMSI', 'PT. Hino Motor Sales Indonesia', 'Jatakea', 'Tangerang', 218898675, 218898675, 'hinojakate@gmail.com'),
(2, 'ARMD', 'PT. Armindo', 'Jl. Tambun Raya', 'Bekasi', 2147483647, 2147483647, 'armindo@gmail.com'),
(3, 'HMM', 'PT. Hudaya Maju Mandiri', 'Tambun', 'Bekasi', 2147483647, 2147483647, 'hudayamajumandiri@gmail.com');

--
-- Indexes for dumped tables
--

--
-- Indexes for table `barang_keluar`
--
ALTER TABLE `barang_keluar`
  ADD PRIMARY KEY (`no`),
  ADD KEY `kode_barang` (`kode_barang`);

--
-- Indexes for table `barang_masuk`
--
ALTER TABLE `barang_masuk`
  ADD PRIMARY KEY (`no`),
  ADD KEY `kode_barang` (`kode_barang`),
  ADD KEY `supplier` (`kode_supplier`);

--
-- Indexes for table `cart`
--
ALTER TABLE `cart`
  ADD PRIMARY KEY (`no`);

--
-- Indexes for table `order_barang`
--
ALTER TABLE `order_barang`
  ADD PRIMARY KEY (`no`);

--
-- Indexes for table `register`
--
ALTER TABLE `register`
  ADD PRIMARY KEY (`id_user`);

--
-- Indexes for table `supplier`
--
ALTER TABLE `supplier`
  ADD PRIMARY KEY (`no`);

--
-- Indexes for table `vendor`
--
ALTER TABLE `vendor`
  ADD PRIMARY KEY (`no`);

--
-- AUTO_INCREMENT for dumped tables
--

--
-- AUTO_INCREMENT for table `barang_keluar`
--
ALTER TABLE `barang_keluar`
  MODIFY `no` int(11) NOT NULL AUTO_INCREMENT, AUTO_INCREMENT=48;

--
-- AUTO_INCREMENT for table `barang_masuk`
--
ALTER TABLE `barang_masuk`
  MODIFY `no` int(11) NOT NULL AUTO_INCREMENT, AUTO_INCREMENT=16;

--
-- AUTO_INCREMENT for table `cart`
--
ALTER TABLE `cart`
  MODIFY `no` int(11) NOT NULL AUTO_INCREMENT, AUTO_INCREMENT=4;

--
-- AUTO_INCREMENT for table `order_barang`
--
ALTER TABLE `order_barang`
  MODIFY `no` int(11) NOT NULL AUTO_INCREMENT, AUTO_INCREMENT=3;

--
-- AUTO_INCREMENT for table `register`
--
ALTER TABLE `register`
  MODIFY `id_user` int(11) NOT NULL AUTO_INCREMENT, AUTO_INCREMENT=20;

--
-- AUTO_INCREMENT for table `supplier`
--
ALTER TABLE `supplier`
  MODIFY `no` int(11) NOT NULL AUTO_INCREMENT, AUTO_INCREMENT=11;

--
-- AUTO_INCREMENT for table `vendor`
--
ALTER TABLE `vendor`
  MODIFY `no` int(11) NOT NULL AUTO_INCREMENT, AUTO_INCREMENT=4;
--
-- Database: `skripsiibasinventory`
--
CREATE DATABASE IF NOT EXISTS `skripsiibasinventory` DEFAULT CHARACTER SET latin1 COLLATE latin1_swedish_ci;
USE `skripsiibasinventory`;

-- --------------------------------------------------------

--
-- Table structure for table `barang_keluar`
--

CREATE TABLE `barang_keluar` (
  `no` int(11) NOT NULL,
  `tanggal` date DEFAULT NULL,
  `kode_barang` varchar(25) DEFAULT NULL,
  `jumlah_barang` int(11) DEFAULT NULL,
  `satuan` varchar(25) DEFAULT NULL,
  `keterangan` varchar(25) DEFAULT NULL
) ENGINE=InnoDB DEFAULT CHARSET=latin1;

--
-- Dumping data for table `barang_keluar`
--

INSERT INTO `barang_keluar` (`no`, `tanggal`, `kode_barang`, `jumlah_barang`, `satuan`, `keterangan`) VALUES
(33, '2018-02-14', 'FX B 1240', 1, 'pcsa', 'pengambilan'),
(34, '2018-02-24', 'TR BH 1035', 2, 'pcs', 'p'),
(35, '2018-02-24', 'TR BH 1035', 99, 'pcs', 'pengambilan'),
(36, '2018-03-10', 'TR BH 1035', 10, 'pcs', 'pengambilan'),
(37, '2018-03-10', 'S 405510', 200, 'pcs', 'pengambilan'),
(38, '2018-03-10', 'TR BH 1035', 10, 'pcs', 'pengambilan'),
(39, '2018-03-10', 'FX B 1240', 10, 'pcs', 'pengambilan'),
(40, '2018-03-10', 'TR BH 1035', 1, 'w', 'ew'),
(41, '2018-03-10', 'TR BH 1035', 1, 'p', 'q'),
(42, '2018-02-28', 'FX B 1440', 1, 'p', 'p'),
(43, '2018-03-07', 'FX B 1240', 12, 'asd', 'asd'),
(44, '2018-02-27', 'FX B 1240', 2, 'p', 'p'),
(45, '2018-02-28', 'FX B 1440', 2, 'p', 'p'),
(46, '2018-03-20', 'FX B 1240', 2, 'w', 'w'),
(47, '2018-02-28', 'FX B 1240', 2, 'p', 'p'),
(48, '2018-03-11', 'TR BH 1035', 1, 'w', 'Pcs'),
(49, '2018-03-11', '', 2, '-- Select Option --', '-- Select Option --'),
(50, '2018-02-26', '', 2, '-- Select Option --', '-- Select Option --'),
(51, '2018-03-12', 'TR BH 1035', 10, 'Pcs', 'Pengambilan'),
(52, '2018-03-12', 'FX B 1240', 50, 'Pcs', 'Pengambilan'),
(53, '2018-03-14', 'TR BH 1035', 66, 'Pcs', 'Penjualan'),
(54, '2018-03-14', 'TR BH 1035', 50, 'Pcs', 'Pengambilan'),
(55, '2018-03-14', 'FX B 1240', 10, 'Pcs', 'Pengambilan');

--
-- Triggers `barang_keluar`
--
DELIMITER $$
CREATE TRIGGER `pengurangan` AFTER INSERT ON `barang_keluar` FOR EACH ROW UPDATE stok_barang set stok=stok - new.jumlah_barang
where kode_barang=new.kode_barang
$$
DELIMITER ;

-- --------------------------------------------------------

--
-- Table structure for table `barang_masuk`
--

CREATE TABLE `barang_masuk` (
  `no` int(11) NOT NULL,
  `tanggal` date DEFAULT NULL,
  `kode_barang` varchar(25) DEFAULT NULL,
  `kode_supplier` varchar(50) DEFAULT NULL,
  `jumlah_barang` int(11) DEFAULT NULL,
  `satuan` varchar(25) DEFAULT NULL,
  `keterangan` varchar(25) DEFAULT NULL
) ENGINE=InnoDB DEFAULT CHARSET=latin1;

--
-- Dumping data for table `barang_masuk`
--

INSERT INTO `barang_masuk` (`no`, `tanggal`, `kode_barang`, `kode_supplier`, `jumlah_barang`, `satuan`, `keterangan`) VALUES
(2, '2018-02-16', 'S 405510', 'SGT TKMDs', 12, 'pcs', 'asd'),
(5, '2018-02-20', 'TR BH 1035', 'SKN AG', 200, 'pcs', 'pemasukann'),
(6, '2018-02-20', 'S 405510', 'SPM', 1111, 'pcs', 'pemasukan'),
(7, '2018-02-20', 'TR BH 1035', 'SKN AG', 15, 'pcs', 'pengambilan'),
(8, '2018-02-24', 'TR BH 1035', 'SKN AG', 1, 'pcs', 'pengambilann'),
(9, '2018-03-12', 'TR BH 1035', 'SKN AG', 500, 'Pcs', 'Pemasukan');

--
-- Triggers `barang_masuk`
--
DELIMITER $$
CREATE TRIGGER `penambahan` AFTER INSERT ON `barang_masuk` FOR EACH ROW UPDATE stok_barang set stok=stok + new.jumlah_barang
where kode_barang=new.kode_barang
$$
DELIMITER ;

-- --------------------------------------------------------

--
-- Table structure for table `cart`
--

CREATE TABLE `cart` (
  `no` int(11) NOT NULL,
  `tanggal` date NOT NULL,
  `kode_barang` varchar(50) NOT NULL,
  `jumlah_barang` int(11) NOT NULL,
  `satuan` varchar(25) NOT NULL,
  `keterangan` varchar(25) NOT NULL
) ENGINE=InnoDB DEFAULT CHARSET=latin1;

-- --------------------------------------------------------

--
-- Table structure for table `register`
--

CREATE TABLE `register` (
  `id_user` int(11) NOT NULL,
  `tanggal` date NOT NULL,
  `username` varchar(50) NOT NULL,
  `password` varchar(50) NOT NULL,
  `status` varchar(20) NOT NULL
) ENGINE=InnoDB DEFAULT CHARSET=latin1;

--
-- Dumping data for table `register`
--

INSERT INTO `register` (`id_user`, `tanggal`, `username`, `password`, `status`) VALUES
(1, '0000-00-00', 'ibas', '4f0c6beb94590174d66943a5fdc4840c', 'admin'),
(3, '0000-00-00', 'admin', '21232f297a57a5a743894a0e4a801fc3', 'admin'),
(4, '0000-00-00', 'rona', '689b6f533e39e77830b46315ab4cb501', 'admin'),
(8, '0000-00-00', 'topan', '2b165d92e828c00b5b83f9dc3eb7cc20', 'admin'),
(9, '0000-00-00', 'jumadi', 'abfdf17a954abd2e107d6906e9989abd', 'user'),
(10, '0000-00-00', 'fadil', 'd0503276f86a627d6c29bc963106570e', 'admin'),
(13, '0000-00-00', 'lulu', 'caea9062aa2921a6627b71d3d27cd505', 'admin'),
(14, '0000-00-00', 'warehouse', '372d30dd2849813ef674855253900679', 'warehouse'),
(15, '2018-03-12', 'purchasing', '74ba4e8291e8b2e40a31a50505f8b72e', 'purchasing'),
(16, '2018-03-12', 'ipul', 'db3fd70d6207f588571a26e91d744baf', 'Purchasing'),
(17, '2018-06-04', 'kemet', 'd0f34815ea7f8573a810180402a24f1d', 'admin');

-- --------------------------------------------------------

--
-- Table structure for table `stok_barang`
--

CREATE TABLE `stok_barang` (
  `no` int(11) NOT NULL,
  `kode_barang` varchar(15) DEFAULT NULL,
  `nama_barang` varchar(20) DEFAULT NULL,
  `jenis_barang` varchar(20) DEFAULT NULL,
  `stok` int(11) DEFAULT NULL
) ENGINE=InnoDB DEFAULT CHARSET=latin1;

--
-- Dumping data for table `stok_barang`
--

INSERT INTO `stok_barang` (`no`, `kode_barang`, `nama_barang`, `jenis_barang`, `stok`) VALUES
(4, 'TR BH 1035', 'Bolt Hex M10x35', 'Boltti', 550),
(5, 'FX B 1240', 'Bolt M12x40', 'Bolt', 97),
(6, 'FX B 1440', 'Bolt M14x40', 'Bolt', 204),
(7, 'FX B 0610', 'Bolt M6x10', 'Bolt', 200),
(8, 'S 405510', 'Seal 40x55x10', 'Bolt', 1123),
(9, 'S 8010010', 'Seal 80x100x10', 'Bolt', 229),
(10, 'S 609010', 'Seal 60x90x10', 'Seal', 200),
(11, 'S 506810', 'Seal 50x60x10', 'Seal', 200),
(12, 'FX 001 HX', 'Housing Axle', 'Housing', 200),
(13, 'TR 001 Mrd', 'Transfer Assy', 'Transfer', 12),
(14, 'TR 001 UM', 'Transfer Assy Unmerr', 'Assy', 12),
(16, 'RD S001 R', 'Red Sealer', 'Konsumable', 400);

-- --------------------------------------------------------

--
-- Table structure for table `supplier`
--

CREATE TABLE `supplier` (
  `no` int(11) NOT NULL,
  `kode_supplier` varchar(25) DEFAULT NULL,
  `nama_supplier` varchar(50) DEFAULT NULL,
  `alamat` varchar(75) DEFAULT NULL,
  `kota` varchar(25) DEFAULT NULL,
  `telp` int(11) DEFAULT NULL,
  `fax` int(11) DEFAULT NULL,
  `email` varchar(30) DEFAULT NULL
) ENGINE=InnoDB DEFAULT CHARSET=latin1;

--
-- Dumping data for table `supplier`
--

INSERT INTO `supplier` (`no`, `kode_supplier`, `nama_supplier`, `alamat`, `kota`, `telp`, `fax`, `email`) VALUES
(6, 'SKN AG', 'Sekina Agung', 'Jl. Kebon Jeruk Jakarta Barat 2', 'Jakartaa', 2147483647, 2147483647, 'sekinaagung@gmail.com'),
(7, 'ALC SJHTR', 'Alcorindo Sejahtera', 'Kawasan Ejip', 'Cikarang', 2147483647, 2147483647, 'alcorindosejahtera@gmail.com'),
(8, 'SPM', 'Sekawan Putra Makmur', 'Jababeka 1', 'Cikarang', 2147483647, 2147483647, 'sekawanputra@gmail.com'),
(9, 'MTG', 'Morita Tjokro Gearindo', 'Pulo Gadung', 'Jakarta', 2147483647, 2147483647, 'moritatjokro@gmail.com'),
(10, 'SGT TKMD', 'PT. Sagatek Teknindo', 'Jl. Margahayu Jaya Bekasi Timur', 'Bekasi', 2147483647, 2147483647, 'sagatek@gmail.com');

-- --------------------------------------------------------

--
-- Table structure for table `vendor`
--

CREATE TABLE `vendor` (
  `no` int(11) NOT NULL,
  `kode_vendor` varchar(25) NOT NULL,
  `nama_vendor` varchar(50) NOT NULL,
  `alamat` varchar(50) NOT NULL,
  `kota` varchar(25) NOT NULL,
  `telp` int(11) NOT NULL,
  `fax` int(11) NOT NULL,
  `email` varchar(50) NOT NULL
) ENGINE=InnoDB DEFAULT CHARSET=latin1;

--
-- Dumping data for table `vendor`
--

INSERT INTO `vendor` (`no`, `kode_vendor`, `nama_vendor`, `alamat`, `kota`, `telp`, `fax`, `email`) VALUES
(1, 'HMSI', 'PT. Hino Motor Sales Indonesia', 'Jatakea', 'Tangerang', 218898675, 218898675, 'hinojakate@gmail.com'),
(2, 'ARMD', 'PT. Armindo', 'Jl. Tambun Raya', 'Bekasi', 2147483647, 2147483647, 'armindo@gmail.com'),
(3, 'HMM', 'PT. Hudaya Maju Mandiri', 'Tambun', 'Bekasi', 2147483647, 2147483647, 'hudayamajumandiri@gmail.com');

--
-- Indexes for dumped tables
--

--
-- Indexes for table `barang_keluar`
--
ALTER TABLE `barang_keluar`
  ADD PRIMARY KEY (`no`),
  ADD KEY `kode_barang` (`kode_barang`);

--
-- Indexes for table `barang_masuk`
--
ALTER TABLE `barang_masuk`
  ADD PRIMARY KEY (`no`),
  ADD KEY `kode_barang` (`kode_barang`),
  ADD KEY `supplier` (`kode_supplier`);

--
-- Indexes for table `cart`
--
ALTER TABLE `cart`
  ADD PRIMARY KEY (`no`);

--
-- Indexes for table `register`
--
ALTER TABLE `register`
  ADD PRIMARY KEY (`id_user`);

--
-- Indexes for table `stok_barang`
--
ALTER TABLE `stok_barang`
  ADD PRIMARY KEY (`no`),
  ADD KEY `kode_barang` (`kode_barang`);

--
-- Indexes for table `supplier`
--
ALTER TABLE `supplier`
  ADD PRIMARY KEY (`no`);

--
-- Indexes for table `vendor`
--
ALTER TABLE `vendor`
  ADD PRIMARY KEY (`no`);

--
-- AUTO_INCREMENT for dumped tables
--

--
-- AUTO_INCREMENT for table `barang_keluar`
--
ALTER TABLE `barang_keluar`
  MODIFY `no` int(11) NOT NULL AUTO_INCREMENT, AUTO_INCREMENT=56;

--
-- AUTO_INCREMENT for table `barang_masuk`
--
ALTER TABLE `barang_masuk`
  MODIFY `no` int(11) NOT NULL AUTO_INCREMENT, AUTO_INCREMENT=10;

--
-- AUTO_INCREMENT for table `cart`
--
ALTER TABLE `cart`
  MODIFY `no` int(11) NOT NULL AUTO_INCREMENT;

--
-- AUTO_INCREMENT for table `register`
--
ALTER TABLE `register`
  MODIFY `id_user` int(11) NOT NULL AUTO_INCREMENT, AUTO_INCREMENT=18;

--
-- AUTO_INCREMENT for table `stok_barang`
--
ALTER TABLE `stok_barang`
  MODIFY `no` int(11) NOT NULL AUTO_INCREMENT, AUTO_INCREMENT=17;

--
-- AUTO_INCREMENT for table `supplier`
--
ALTER TABLE `supplier`
  MODIFY `no` int(11) NOT NULL AUTO_INCREMENT, AUTO_INCREMENT=11;

--
-- AUTO_INCREMENT for table `vendor`
--
ALTER TABLE `vendor`
  MODIFY `no` int(11) NOT NULL AUTO_INCREMENT, AUTO_INCREMENT=4;
--
-- Database: `skripsiibasinventory2`
--
CREATE DATABASE IF NOT EXISTS `skripsiibasinventory2` DEFAULT CHARACTER SET latin1 COLLATE latin1_swedish_ci;
USE `skripsiibasinventory2`;

-- --------------------------------------------------------

--
-- Table structure for table `barang_keluar`
--

CREATE TABLE `barang_keluar` (
  `no` int(11) NOT NULL,
  `tanggal` date DEFAULT NULL,
  `kode_barang` varchar(25) DEFAULT NULL,
  `jumlah_barang` int(11) DEFAULT NULL,
  `satuan` varchar(25) DEFAULT NULL,
  `keterangan` varchar(25) DEFAULT NULL
) ENGINE=InnoDB DEFAULT CHARSET=latin1;

--
-- Dumping data for table `barang_keluar`
--

INSERT INTO `barang_keluar` (`no`, `tanggal`, `kode_barang`, `jumlah_barang`, `satuan`, `keterangan`) VALUES
(10, '2018-01-13', 'S 8010010', 2, 'pcs', 'we'),
(11, '2017-12-15', 'TR BH 1025', 12, 'pcs', 'hjasd'),
(12, '2017-12-15', 'TR BH 1025', 189, 'pcs', 'liaf'),
(13, '2017-12-12', 'FX B 1240', 12, 'pcs', 'asd'),
(23, '2018-01-07', 'TR BH 1035', 4, 'pcs', 'pengambilaneeee'),
(24, '2018-01-07', 'TR BH 1035', 3, 'pcs', 'asdasdawdqwdqwd'),
(25, '2018-01-07', 'TR BH 1035', 3, 'pcs', 'q'),
(26, '2018-01-12', 'TR BH 1035', 3, 'pcs', 'apa ajas'),
(27, '2018-01-14', 'FX 001 HX', 2, 'pcs', 'q'),
(28, '2018-01-12', 'TR BH 1035', 3, 'pcs', 'apa aja boleh');

--
-- Triggers `barang_keluar`
--
DELIMITER $$
CREATE TRIGGER `pengurangan` AFTER INSERT ON `barang_keluar` FOR EACH ROW UPDATE stok_barang set stok=stok - new.jumlah_barang
where kode_barang=new.kode_barang
$$
DELIMITER ;

-- --------------------------------------------------------

--
-- Table structure for table `barang_masuk`
--

CREATE TABLE `barang_masuk` (
  `no` int(11) NOT NULL,
  `tanggal` date DEFAULT NULL,
  `kode_barang` varchar(25) DEFAULT NULL,
  `kode_supplier` varchar(50) DEFAULT NULL,
  `jumlah_barang` int(11) DEFAULT NULL,
  `satuan` varchar(25) DEFAULT NULL,
  `keterangan` varchar(25) DEFAULT NULL
) ENGINE=InnoDB DEFAULT CHARSET=latin1;

--
-- Dumping data for table `barang_masuk`
--

INSERT INTO `barang_masuk` (`no`, `tanggal`, `kode_barang`, `kode_supplier`, `jumlah_barang`, `satuan`, `keterangan`) VALUES
(8, '2018-01-06', 'TR BH 1025', 'asd', 12, 'pcs', 'barang masukk'),
(12, '2018-01-06', 'FX B 1240', 'sekina', 2, 'pcs', 'asd'),
(17, '2018-01-07', 'TR BH 1025', 'SKN AG', 3, 'pcs', 'new');

--
-- Triggers `barang_masuk`
--
DELIMITER $$
CREATE TRIGGER `penambahan` AFTER INSERT ON `barang_masuk` FOR EACH ROW UPDATE stok_barang set stok=stok + new.jumlah_barang
where kode_barang=new.kode_barang
$$
DELIMITER ;

-- --------------------------------------------------------

--
-- Table structure for table `cart`
--

CREATE TABLE `cart` (
  `no` int(11) NOT NULL,
  `tanggal` date DEFAULT NULL,
  `kode_barang` varchar(25) DEFAULT NULL,
  `jumlah_barang` int(11) DEFAULT NULL,
  `satuan` varchar(25) DEFAULT NULL,
  `keterangan` varchar(25) DEFAULT NULL
) ENGINE=InnoDB DEFAULT CHARSET=latin1;

--
-- Dumping data for table `cart`
--

INSERT INTO `cart` (`no`, `tanggal`, `kode_barang`, `jumlah_barang`, `satuan`, `keterangan`) VALUES
(18, '2018-02-10', 'FX B 1240', 2, 'pcs', 'pengambilan'),
(19, '2018-02-10', 'S 405510', 12, 'pcs', 'pengambilan');

-- --------------------------------------------------------

--
-- Table structure for table `register`
--

CREATE TABLE `register` (
  `id_user` int(11) NOT NULL,
  `username` varchar(50) NOT NULL,
  `password` varchar(50) NOT NULL,
  `status` varchar(50) NOT NULL
) ENGINE=InnoDB DEFAULT CHARSET=latin1;

--
-- Dumping data for table `register`
--

INSERT INTO `register` (`id_user`, `username`, `password`, `status`) VALUES
(1, 'ibas', '4f0c6beb94590174d66943a5fdc4840c', 'admin'),
(3, 'admin', '21232f297a57a5a743894a0e4a801fc3', 'admin'),
(4, 'rona', '689b6f533e39e77830b46315ab4cb501', 'admin'),
(7, 'asdasd', 'a8f5f167f44f4964e6c998dee827110c', 'admin'),
(8, 'topan', '2b165d92e828c00b5b83f9dc3eb7cc20', 'admin'),
(9, 'jumadi', 'abfdf17a954abd2e107d6906e9989abd', 'user'),
(10, 'anaba', 'dcaca1b345cd67942b566115e7fa6755', 'admin');

-- --------------------------------------------------------

--
-- Table structure for table `stok_barang`
--

CREATE TABLE `stok_barang` (
  `no` int(11) NOT NULL,
  `kode_barang` varchar(15) DEFAULT NULL,
  `nama_barang` varchar(20) DEFAULT NULL,
  `jenis_barang` varchar(20) DEFAULT NULL,
  `stok` int(11) DEFAULT NULL
) ENGINE=InnoDB DEFAULT CHARSET=latin1;

--
-- Dumping data for table `stok_barang`
--

INSERT INTO `stok_barang` (`no`, `kode_barang`, `nama_barang`, `jenis_barang`, `stok`) VALUES
(4, 'TR BH 1035', 'Bolt Hex M10x35', 'Bolt', 13),
(5, 'FX B 1240', 'Bolt M12x40', 'Bolt', 193),
(6, 'FX B 1440', 'Bolt M14x40', 'Bolt', 203),
(7, 'FX B 0610', 'Bolt M6x10', 'Bolt', 200),
(8, 'S 405510', 'Seal 40x55x10', 'Bolt', 200),
(9, 'S 8010010', 'Seal 80x100x10', 'Bolt', 200),
(10, 'S 609010', 'Seal 60x90x10', 'Seal', 200),
(11, 'S 506810', 'Seal 50x60x10', 'Seal', 200),
(12, 'FX 001 HX', 'Housing Axle', 'Housing', 198),
(13, 'TR 001 Mrd', 'Transfer Assy', 'Transfer', 12),
(14, 'TR 001 UM', 'Transfer Assy Unmerr', 'Assy', 12);

-- --------------------------------------------------------

--
-- Table structure for table `supplier`
--

CREATE TABLE `supplier` (
  `no` int(11) NOT NULL,
  `kode_supplier` varchar(25) DEFAULT NULL,
  `nama_supplier` varchar(50) DEFAULT NULL,
  `alamat` varchar(75) DEFAULT NULL,
  `kota` varchar(25) DEFAULT NULL,
  `telp` int(11) DEFAULT NULL,
  `fax` int(11) DEFAULT NULL,
  `email` varchar(30) DEFAULT NULL
) ENGINE=InnoDB DEFAULT CHARSET=latin1;

--
-- Dumping data for table `supplier`
--

INSERT INTO `supplier` (`no`, `kode_supplier`, `nama_supplier`, `alamat`, `kota`, `telp`, `fax`, `email`) VALUES
(6, 'SKN AG', 'Sekina Agung', 'Jl. Kebon Jeruk Jakarta Barat 2', 'Jakarta', 2147483647, 2147483647, 'sekinaagung@gmail.com'),
(7, 'ALC SJHTR', 'Alcorindo Sejahtera', 'Kawasan Ejip', 'Cikarang', 2147483647, 2147483647, 'alcorindosejahtera@gmail.com'),
(8, 'SPM', 'Sekawan Putra Makmur', 'Jababeka 1', 'Cikarang', 2147483647, 2147483647, 'sekawanputra@gmail.com'),
(9, 'MTG', 'Morita Tjokro Gearindo', 'Pulo Gadung', 'Jakarta', 2147483647, 2147483647, 'moritatjokro@gmail.com'),
(10, 'SGT TKMD', 'PT. Sagatek Teknindo', 'Jl. Margahayu Jaya Bekasi Timur', 'Bekasi', 2147483647, 2147483647, 'sagatek@gmail.com');

-- --------------------------------------------------------

--
-- Table structure for table `vendor`
--

CREATE TABLE `vendor` (
  `no` int(11) NOT NULL,
  `kode_vendor` varchar(25) NOT NULL,
  `nama_vendor` varchar(50) NOT NULL,
  `alamat` varchar(50) NOT NULL,
  `kota` varchar(25) NOT NULL,
  `telp` int(11) NOT NULL,
  `fax` int(11) NOT NULL,
  `email` varchar(50) NOT NULL
) ENGINE=InnoDB DEFAULT CHARSET=latin1;

--
-- Dumping data for table `vendor`
--

INSERT INTO `vendor` (`no`, `kode_vendor`, `nama_vendor`, `alamat`, `kota`, `telp`, `fax`, `email`) VALUES
(1, 'HMSI', 'PT. Hino Motor Sales Indonesia', 'Jatakea', 'Tangerang', 218898675, 218898675, 'hinojakate@gmail.com'),
(2, 'ARMD', 'PT. Armindo', 'Jl. Tambun Raya', 'Bekasi', 2147483647, 2147483647, 'armindo@gmail.com');

--
-- Indexes for dumped tables
--

--
-- Indexes for table `barang_keluar`
--
ALTER TABLE `barang_keluar`
  ADD PRIMARY KEY (`no`),
  ADD KEY `kode_barang` (`kode_barang`);

--
-- Indexes for table `barang_masuk`
--
ALTER TABLE `barang_masuk`
  ADD PRIMARY KEY (`no`),
  ADD KEY `kode_barang` (`kode_barang`),
  ADD KEY `supplier` (`kode_supplier`);

--
-- Indexes for table `cart`
--
ALTER TABLE `cart`
  ADD PRIMARY KEY (`no`),
  ADD KEY `kode_barang` (`kode_barang`);

--
-- Indexes for table `register`
--
ALTER TABLE `register`
  ADD PRIMARY KEY (`id_user`);

--
-- Indexes for table `stok_barang`
--
ALTER TABLE `stok_barang`
  ADD PRIMARY KEY (`no`),
  ADD KEY `kode_barang` (`kode_barang`);

--
-- Indexes for table `supplier`
--
ALTER TABLE `supplier`
  ADD PRIMARY KEY (`no`);

--
-- Indexes for table `vendor`
--
ALTER TABLE `vendor`
  ADD PRIMARY KEY (`no`);

--
-- AUTO_INCREMENT for dumped tables
--

--
-- AUTO_INCREMENT for table `barang_keluar`
--
ALTER TABLE `barang_keluar`
  MODIFY `no` int(11) NOT NULL AUTO_INCREMENT, AUTO_INCREMENT=29;

--
-- AUTO_INCREMENT for table `barang_masuk`
--
ALTER TABLE `barang_masuk`
  MODIFY `no` int(11) NOT NULL AUTO_INCREMENT, AUTO_INCREMENT=18;

--
-- AUTO_INCREMENT for table `cart`
--
ALTER TABLE `cart`
  MODIFY `no` int(11) NOT NULL AUTO_INCREMENT, AUTO_INCREMENT=20;

--
-- AUTO_INCREMENT for table `register`
--
ALTER TABLE `register`
  MODIFY `id_user` int(11) NOT NULL AUTO_INCREMENT, AUTO_INCREMENT=11;

--
-- AUTO_INCREMENT for table `stok_barang`
--
ALTER TABLE `stok_barang`
  MODIFY `no` int(11) NOT NULL AUTO_INCREMENT, AUTO_INCREMENT=15;

--
-- AUTO_INCREMENT for table `supplier`
--
ALTER TABLE `supplier`
  MODIFY `no` int(11) NOT NULL AUTO_INCREMENT, AUTO_INCREMENT=11;

--
-- AUTO_INCREMENT for table `vendor`
--
ALTER TABLE `vendor`
  MODIFY `no` int(11) NOT NULL AUTO_INCREMENT, AUTO_INCREMENT=3;
--
-- Database: `skripsiibasinventory3`
--
CREATE DATABASE IF NOT EXISTS `skripsiibasinventory3` DEFAULT CHARACTER SET latin1 COLLATE latin1_swedish_ci;
USE `skripsiibasinventory3`;

-- --------------------------------------------------------

--
-- Table structure for table `barang_keluar`
--

CREATE TABLE `barang_keluar` (
  `no` int(11) NOT NULL,
  `tanggal` date DEFAULT NULL,
  `kode_barang` varchar(25) DEFAULT NULL,
  `jumlah_barang` int(11) DEFAULT NULL,
  `satuan` varchar(25) DEFAULT NULL,
  `keterangan` varchar(25) DEFAULT NULL
) ENGINE=InnoDB DEFAULT CHARSET=latin1;

--
-- Dumping data for table `barang_keluar`
--

INSERT INTO `barang_keluar` (`no`, `tanggal`, `kode_barang`, `jumlah_barang`, `satuan`, `keterangan`) VALUES
(33, '2018-02-14', 'FX B 1240', 1, 'pcsa', 'pengambilan'),
(34, '2018-02-24', 'TR BH 1035', 2, 'pcs', 'p'),
(35, '2018-02-24', 'TR BH 1035', 99, 'pcs', 'pengambilan');

--
-- Triggers `barang_keluar`
--
DELIMITER $$
CREATE TRIGGER `pengurangan` AFTER INSERT ON `barang_keluar` FOR EACH ROW UPDATE stok_barang set stok=stok - new.jumlah_barang
where kode_barang=new.kode_barang
$$
DELIMITER ;

-- --------------------------------------------------------

--
-- Table structure for table `barang_masuk`
--

CREATE TABLE `barang_masuk` (
  `no` int(11) NOT NULL,
  `tanggal` date DEFAULT NULL,
  `kode_barang` varchar(25) DEFAULT NULL,
  `kode_supplier` varchar(50) DEFAULT NULL,
  `jumlah_barang` int(11) DEFAULT NULL,
  `satuan` varchar(25) DEFAULT NULL,
  `keterangan` varchar(25) DEFAULT NULL
) ENGINE=InnoDB DEFAULT CHARSET=latin1;

--
-- Dumping data for table `barang_masuk`
--

INSERT INTO `barang_masuk` (`no`, `tanggal`, `kode_barang`, `kode_supplier`, `jumlah_barang`, `satuan`, `keterangan`) VALUES
(2, '2018-02-16', 'S 405510', 'SGT TKMDs', 12, 'pcs', 'asd'),
(5, '2018-02-20', 'TR BH 1035', 'SKN AG', 200, 'pcs', 'pemasukann'),
(6, '2018-02-20', 'S 405510', 'SPM', 1111, 'pcs', 'pemasukan'),
(7, '2018-02-20', 'TR BH 1035', 'SKN AG', 15, 'pcs', 'pengambilan'),
(8, '2018-02-24', 'TR BH 1035', 'SKN AG', 1, 'pcs', 'pengambilann');

--
-- Triggers `barang_masuk`
--
DELIMITER $$
CREATE TRIGGER `penambahan` AFTER INSERT ON `barang_masuk` FOR EACH ROW UPDATE stok_barang set stok=stok + new.jumlah_barang
where kode_barang=new.kode_barang
$$
DELIMITER ;

-- --------------------------------------------------------

--
-- Table structure for table `cart`
--

CREATE TABLE `cart` (
  `no` int(11) NOT NULL,
  `tanggal` date NOT NULL,
  `kode_barang` varchar(50) NOT NULL,
  `jumlah_barang` int(11) NOT NULL,
  `satuan` varchar(25) NOT NULL,
  `keterangan` varchar(25) NOT NULL
) ENGINE=InnoDB DEFAULT CHARSET=latin1;

--
-- Dumping data for table `cart`
--

INSERT INTO `cart` (`no`, `tanggal`, `kode_barang`, `jumlah_barang`, `satuan`, `keterangan`) VALUES
(1, '2018-02-14', 'TR BH 1035', 2, 'pcs', 'pengambilan'),
(2, '2018-02-14', 'TR BH 1035', 2, 'pcs', 'pengambilan'),
(3, '2018-02-14', 'TR BH 1035', 12, 'pcs', 'pengambilan'),
(4, '2018-02-14', 'S 405510', 2, 'pcs', 'pengambilan'),
(5, '2018-02-20', 'FX B 0610', 10, 'pcs', 'pengambilan'),
(6, '2018-02-20', 'FX 001 HX', 32, 'pcs', 'pengambilan'),
(7, '2018-02-24', 'TR BH 1035', 123, 'pcs', 'pengambilan'),
(8, '2018-02-24', 'TR BH 1035', 2, 'pcs', 'p'),
(9, '2018-02-24', 'TR BH 1035', 99, 'pcs', 'pengambilan');

-- --------------------------------------------------------

--
-- Table structure for table `register`
--

CREATE TABLE `register` (
  `id_user` int(11) NOT NULL,
  `username` varchar(50) NOT NULL,
  `password` varchar(50) NOT NULL,
  `status` varchar(20) NOT NULL
) ENGINE=InnoDB DEFAULT CHARSET=latin1;

--
-- Dumping data for table `register`
--

INSERT INTO `register` (`id_user`, `username`, `password`, `status`) VALUES
(1, 'ibas', '4f0c6beb94590174d66943a5fdc4840c', 'admin'),
(3, 'admin', '21232f297a57a5a743894a0e4a801fc3', 'admin'),
(4, 'rona', '689b6f533e39e77830b46315ab4cb501', 'admin'),
(8, 'topan', '2b165d92e828c00b5b83f9dc3eb7cc20', 'admin'),
(9, 'jumadi', 'abfdf17a954abd2e107d6906e9989abd', 'user'),
(10, 'fadil', 'd0503276f86a627d6c29bc963106570e', 'admin'),
(13, 'lulu', 'caea9062aa2921a6627b71d3d27cd505', 'admin'),
(14, 'warehouse', '372d30dd2849813ef674855253900679', 'warehouse');

-- --------------------------------------------------------

--
-- Table structure for table `stok_barang`
--

CREATE TABLE `stok_barang` (
  `no` int(11) NOT NULL,
  `kode_barang` varchar(15) DEFAULT NULL,
  `nama_barang` varchar(20) DEFAULT NULL,
  `jenis_barang` varchar(20) DEFAULT NULL,
  `stok` int(11) DEFAULT NULL
) ENGINE=InnoDB DEFAULT CHARSET=latin1;

--
-- Dumping data for table `stok_barang`
--

INSERT INTO `stok_barang` (`no`, `kode_barang`, `nama_barang`, `jenis_barang`, `stok`) VALUES
(4, 'TR BH 1035', 'Bolt Hex M10x35', 'Boltt', 200),
(5, 'FX B 1240', 'Bolt M12x40', 'Bolt', 185),
(6, 'FX B 1440', 'Bolt M14x40', 'Bolt', 207),
(7, 'FX B 0610', 'Bolt M6x10', 'Bolt', 200),
(8, 'S 405510', 'Seal 40x55x10', 'Bolt', 1323),
(9, 'S 8010010', 'Seal 80x100x10', 'Bolt', 229),
(10, 'S 609010', 'Seal 60x90x10', 'Seal', 200),
(11, 'S 506810', 'Seal 50x60x10', 'Seal', 200),
(12, 'FX 001 HX', 'Housing Axle', 'Housing', 200),
(13, 'TR 001 Mrd', 'Transfer Assy', 'Transfer', 12),
(14, 'TR 001 UM', 'Transfer Assy Unmerr', 'Assy', 12),
(16, 'RD S001 R', 'Red Sealer', 'Konsumable', 400);

-- --------------------------------------------------------

--
-- Table structure for table `supplier`
--

CREATE TABLE `supplier` (
  `no` int(11) NOT NULL,
  `kode_supplier` varchar(25) DEFAULT NULL,
  `nama_supplier` varchar(50) DEFAULT NULL,
  `alamat` varchar(75) DEFAULT NULL,
  `kota` varchar(25) DEFAULT NULL,
  `telp` int(11) DEFAULT NULL,
  `fax` int(11) DEFAULT NULL,
  `email` varchar(30) DEFAULT NULL
) ENGINE=InnoDB DEFAULT CHARSET=latin1;

--
-- Dumping data for table `supplier`
--

INSERT INTO `supplier` (`no`, `kode_supplier`, `nama_supplier`, `alamat`, `kota`, `telp`, `fax`, `email`) VALUES
(6, 'SKN AG', 'Sekina Agung', 'Jl. Kebon Jeruk Jakarta Barat 2', 'Jakartaa', 2147483647, 2147483647, 'sekinaagung@gmail.com'),
(7, 'ALC SJHTR', 'Alcorindo Sejahtera', 'Kawasan Ejip', 'Cikarang', 2147483647, 2147483647, 'alcorindosejahtera@gmail.com'),
(8, 'SPM', 'Sekawan Putra Makmur', 'Jababeka 1', 'Cikarang', 2147483647, 2147483647, 'sekawanputra@gmail.com'),
(9, 'MTG', 'Morita Tjokro Gearindo', 'Pulo Gadung', 'Jakarta', 2147483647, 2147483647, 'moritatjokro@gmail.com'),
(10, 'SGT TKMD', 'PT. Sagatek Teknindo', 'Jl. Margahayu Jaya Bekasi Timur', 'Bekasi', 2147483647, 2147483647, 'sagatek@gmail.com');

-- --------------------------------------------------------

--
-- Table structure for table `vendor`
--

CREATE TABLE `vendor` (
  `no` int(11) NOT NULL,
  `kode_vendor` varchar(25) NOT NULL,
  `nama_vendor` varchar(50) NOT NULL,
  `alamat` varchar(50) NOT NULL,
  `kota` varchar(25) NOT NULL,
  `telp` int(11) NOT NULL,
  `fax` int(11) NOT NULL,
  `email` varchar(50) NOT NULL
) ENGINE=InnoDB DEFAULT CHARSET=latin1;

--
-- Dumping data for table `vendor`
--

INSERT INTO `vendor` (`no`, `kode_vendor`, `nama_vendor`, `alamat`, `kota`, `telp`, `fax`, `email`) VALUES
(1, 'HMSI', 'PT. Hino Motor Sales Indonesia', 'Jatakea', 'Tangerang', 218898675, 218898675, 'hinojakate@gmail.com'),
(2, 'ARMD', 'PT. Armindo', 'Jl. Tambun Raya', 'Bekasi', 2147483647, 2147483647, 'armindo@gmail.com'),
(3, 'HMM', 'PT. Hudaya Maju Mandiri', 'Tambun', 'Bekasi', 2147483647, 2147483647, 'hudayamajumandiri@gmail.com');

--
-- Indexes for dumped tables
--

--
-- Indexes for table `barang_keluar`
--
ALTER TABLE `barang_keluar`
  ADD PRIMARY KEY (`no`),
  ADD KEY `kode_barang` (`kode_barang`);

--
-- Indexes for table `barang_masuk`
--
ALTER TABLE `barang_masuk`
  ADD PRIMARY KEY (`no`),
  ADD KEY `kode_barang` (`kode_barang`),
  ADD KEY `supplier` (`kode_supplier`);

--
-- Indexes for table `cart`
--
ALTER TABLE `cart`
  ADD PRIMARY KEY (`no`);

--
-- Indexes for table `register`
--
ALTER TABLE `register`
  ADD PRIMARY KEY (`id_user`);

--
-- Indexes for table `stok_barang`
--
ALTER TABLE `stok_barang`
  ADD PRIMARY KEY (`no`),
  ADD KEY `kode_barang` (`kode_barang`);

--
-- Indexes for table `supplier`
--
ALTER TABLE `supplier`
  ADD PRIMARY KEY (`no`);

--
-- Indexes for table `vendor`
--
ALTER TABLE `vendor`
  ADD PRIMARY KEY (`no`);

--
-- AUTO_INCREMENT for dumped tables
--

--
-- AUTO_INCREMENT for table `barang_keluar`
--
ALTER TABLE `barang_keluar`
  MODIFY `no` int(11) NOT NULL AUTO_INCREMENT, AUTO_INCREMENT=36;

--
-- AUTO_INCREMENT for table `barang_masuk`
--
ALTER TABLE `barang_masuk`
  MODIFY `no` int(11) NOT NULL AUTO_INCREMENT, AUTO_INCREMENT=9;

--
-- AUTO_INCREMENT for table `cart`
--
ALTER TABLE `cart`
  MODIFY `no` int(11) NOT NULL AUTO_INCREMENT, AUTO_INCREMENT=10;

--
-- AUTO_INCREMENT for table `register`
--
ALTER TABLE `register`
  MODIFY `id_user` int(11) NOT NULL AUTO_INCREMENT, AUTO_INCREMENT=15;

--
-- AUTO_INCREMENT for table `stok_barang`
--
ALTER TABLE `stok_barang`
  MODIFY `no` int(11) NOT NULL AUTO_INCREMENT, AUTO_INCREMENT=17;

--
-- AUTO_INCREMENT for table `supplier`
--
ALTER TABLE `supplier`
  MODIFY `no` int(11) NOT NULL AUTO_INCREMENT, AUTO_INCREMENT=11;

--
-- AUTO_INCREMENT for table `vendor`
--
ALTER TABLE `vendor`
  MODIFY `no` int(11) NOT NULL AUTO_INCREMENT, AUTO_INCREMENT=4;
--
-- Database: `skripsiibasrevisi`
--
CREATE DATABASE IF NOT EXISTS `skripsiibasrevisi` DEFAULT CHARACTER SET latin1 COLLATE latin1_swedish_ci;
USE `skripsiibasrevisi`;

-- --------------------------------------------------------

--
-- Table structure for table `barang_keluar`
--

CREATE TABLE `barang_keluar` (
  `nomer_transaksi` varchar(25) NOT NULL,
  `tanggal` date DEFAULT NULL,
  `kode_barang` varchar(25) NOT NULL,
  `jumlah_barang` int(11) DEFAULT NULL,
  `satuan` varchar(25) DEFAULT NULL,
  `keterangan` varchar(25) DEFAULT NULL
) ENGINE=InnoDB DEFAULT CHARSET=latin1;

--
-- Dumping data for table `barang_keluar`
--

INSERT INTO `barang_keluar` (`nomer_transaksi`, `tanggal`, `kode_barang`, `jumlah_barang`, `satuan`, `keterangan`) VALUES
('OUT0000001', '2018-04-04', 'FRNT-AXL-6x40', 3, 'Unit', 'Pengambilan'),
('OUT0000002', '2018-04-05', 'BH-12x45', 2, 'Pcs', 'Pengambilan'),
('OUT0000003', '2018-04-05', 'BH-12x45', 10000, 'Pcs', 'Pengambilan'),
('OUT0000004', '2018-04-05', 'BH-12x45', 23, 'Pcs', 'Pengambilan'),
('OUT0000005', '2018-04-05', 'BH-12x45', 1, 'Pcs', 'Pengambilan'),
('OUT0000006', '2018-04-06', 'BH-12x45', 1, 'Pcs', 'Pengambilan'),
('OUT0000007', '2018-04-20', 'BH-12x45', 20, 'Pcs', 'Penjualan'),
('OUT0000008', '2018-04-28', 'BH-12x50', 2, 'Pcs', 'Pengambilan'),
('OUT0000009', '2018-05-04', 'asdasd', 2, 'Pcs', 'Pengambilan'),
('OUT0000010', '2018-06-05', 'asdasd', 1, 'Unit', 'Reject'),
('OUT0000011', '2018-06-05', 'BH-12x50', 2, 'Pcs', 'Pengambilan'),
('OUT0000012', '2018-06-05', 'BH-12x45', 2, 'Pcs', 'Pengambilan'),
('OUT0000013', '2018-07-21', 'BH-12x45', 100, 'Pcs', 'Pengambilan'),
('OUT0000014', '2018-08-07', 'BH-12x45', 3, 'Pcs', 'Pengambilan');

--
-- Triggers `barang_keluar`
--
DELIMITER $$
CREATE TRIGGER `pengurangan` AFTER INSERT ON `barang_keluar` FOR EACH ROW UPDATE stok_barang set stok=stok - new.jumlah_barang
where kode_barang=new.kode_barang
$$
DELIMITER ;

-- --------------------------------------------------------

--
-- Table structure for table `barang_masuk`
--

CREATE TABLE `barang_masuk` (
  `nomer_transaksi` varchar(25) NOT NULL,
  `tanggal` date DEFAULT NULL,
  `kode_barang` varchar(25) NOT NULL,
  `kode_supplier` varchar(25) DEFAULT NULL,
  `jumlah_barang` int(11) DEFAULT NULL,
  `satuan` varchar(25) DEFAULT NULL,
  `keterangan` varchar(25) DEFAULT NULL
) ENGINE=InnoDB DEFAULT CHARSET=latin1;

--
-- Dumping data for table `barang_masuk`
--

INSERT INTO `barang_masuk` (`nomer_transaksi`, `tanggal`, `kode_barang`, `kode_supplier`, `jumlah_barang`, `satuan`, `keterangan`) VALUES
('RCV0000001', '2018-04-04', 'FRNT-AXL-6x37', 'ALCSJT', 33, 'Pcs', 'Pemasukan'),
('RCV0000002', '2018-04-05', 'BH-12x50', 'ALCSJT', 12, 'Pcs', 'Pemasukan'),
('RCV0000003', '2018-04-05', 'FRNT-AXL-6x41', 'MRTTG', 11, 'Pcs', 'Pemasukan'),
('RCV0000004', '2018-04-05', 'BH-12x45', 'ALCSJT', 26, 'Pcs', 'Pemasukan'),
('RCV0000005', '2018-04-05', 'BH-12x45', 'ALCSJT', 10, 'Pcs', 'Pemasukan'),
('RCV0000006', '2018-06-06', 'BH-12x45', 'ALCSJT', 2, 'Pcs', 'Pemasukan'),
('RCV0000007', '2018-06-20', 'BH-12x45', 'ALCSJT', 2, 'Pcss', 'Pemasukan');

--
-- Triggers `barang_masuk`
--
DELIMITER $$
CREATE TRIGGER `penambahan` AFTER INSERT ON `barang_masuk` FOR EACH ROW UPDATE stok_barang set stok=stok + new.jumlah_barang
where kode_barang=new.kode_barang
$$
DELIMITER ;

-- --------------------------------------------------------

--
-- Table structure for table `cart`
--

CREATE TABLE `cart` (
  `nomer_transaksi` varchar(25) NOT NULL,
  `tanggal` date DEFAULT NULL,
  `kode_barang` varchar(25) NOT NULL,
  `jumlah_barang` int(11) DEFAULT NULL,
  `satuan` varchar(25) DEFAULT NULL,
  `keterangan` varchar(25) DEFAULT NULL
) ENGINE=InnoDB DEFAULT CHARSET=latin1;

--
-- Dumping data for table `cart`
--

INSERT INTO `cart` (`nomer_transaksi`, `tanggal`, `kode_barang`, `jumlah_barang`, `satuan`, `keterangan`) VALUES
('OUT0000014', '2018-08-07', 'BH-12x45', 3, 'Pcs', 'Pengambilan');

-- --------------------------------------------------------

--
-- Table structure for table `customer`
--

CREATE TABLE `customer` (
  `kode_customer` varchar(25) NOT NULL,
  `nama_customer` varchar(50) DEFAULT NULL,
  `alamat` varchar(50) DEFAULT NULL,
  `kota` varchar(20) DEFAULT NULL,
  `email` varchar(40) DEFAULT NULL,
  `telp` int(11) DEFAULT NULL,
  `fax` int(11) DEFAULT NULL
) ENGINE=InnoDB DEFAULT CHARSET=latin1;

--
-- Dumping data for table `customer`
--

INSERT INTO `customer` (`kode_customer`, `nama_customer`, `alamat`, `kota`, `email`, `telp`, `fax`) VALUES
('AUM', 'PT. Agung Auto Mall', 'Jl Padurenan Jaya', 'Bekasi', 'agungauto@gmail.com', 889900764, 889900764),
('HMSI', 'PT. Hino Motor Sales Indonesia', 'Jl Jatake', 'Jakarta', 'hmsijatake@gmail.com', 88112233, 88112233),
('MTSJYABD', 'PT. Mitsubishi Jaya abadi', 'Jl Jababeka 3', 'Cikarang', 'mtsjayaabadi@gmail.com', 88445512, 88445512);

-- --------------------------------------------------------

--
-- Table structure for table `order_barang`
--

CREATE TABLE `order_barang` (
  `nomer_order` varchar(25) NOT NULL,
  `tanggal` date DEFAULT NULL,
  `kode_barang` varchar(25) DEFAULT NULL,
  `nama_barang` varchar(25) DEFAULT NULL,
  `jumlah_order` int(11) DEFAULT NULL,
  `jumlah_kedatangan` int(11) DEFAULT NULL,
  `keterangan` varchar(25) DEFAULT NULL
) ENGINE=InnoDB DEFAULT CHARSET=latin1;

--
-- Dumping data for table `order_barang`
--

INSERT INTO `order_barang` (`nomer_order`, `tanggal`, `kode_barang`, `nama_barang`, `jumlah_order`, `jumlah_kedatangan`, `keterangan`) VALUES
('ORD0000002', '2018-04-05', 'TRN-U-MRD-01', 'Trasnfer Un Merried', 100, 100, 'Urgent'),
('ORD0000004', '2018-07-21', 'BH-12x45', 'Bolt Hex M12x45', 100, 50, 'Permintaan Barang'),
('ORD0000005', '2018-08-06', 'BH-12x45', 'Bolt Hex M12x45', 23, 23, 'Urgents');

-- --------------------------------------------------------

--
-- Table structure for table `permintaan_barang_operator`
--

CREATE TABLE `permintaan_barang_operator` (
  `nomer_permintaan` varchar(25) NOT NULL,
  `tanggal` date NOT NULL,
  `nama` varchar(25) NOT NULL,
  `departemen` varchar(25) NOT NULL,
  `kode_barang` varchar(25) NOT NULL,
  `jumlah_barang` int(11) NOT NULL,
  `keterangan` varchar(25) NOT NULL
) ENGINE=InnoDB DEFAULT CHARSET=latin1;

--
-- Dumping data for table `permintaan_barang_operator`
--

INSERT INTO `permintaan_barang_operator` (`nomer_permintaan`, `tanggal`, `nama`, `departemen`, `kode_barang`, `jumlah_barang`, `keterangan`) VALUES
('ADD0000001', '2018-08-07', 'jumadi', 'produksi', 'BH-12x45', 2, 'permintaan'),
('ADD0000002', '2018-08-07', 'Muhammad Nibras Abilowo', 'ppic', 'BH-12x45', 4, 'Pengambilan');

-- --------------------------------------------------------

--
-- Table structure for table `purchas_receiving`
--

CREATE TABLE `purchas_receiving` (
  `nomer_receiving` varchar(25) NOT NULL,
  `nomer_order` varchar(25) DEFAULT NULL,
  `tanggal` date DEFAULT NULL,
  `kode_barang` varchar(25) DEFAULT NULL,
  `jumlah_barang` int(11) DEFAULT NULL,
  `keterangan_barang` varchar(25) DEFAULT NULL
) ENGINE=InnoDB DEFAULT CHARSET=latin1;

--
-- Dumping data for table `purchas_receiving`
--

INSERT INTO `purchas_receiving` (`nomer_receiving`, `nomer_order`, `tanggal`, `kode_barang`, `jumlah_barang`, `keterangan_barang`) VALUES
('RCV0000001', 'ORD0000001', '2018-04-28', 'BH-12x45', 2, 'Parsial'),
('RCV0000004', 'ORD0000001', '2018-04-28', 'BH-12x45', 2, 'Lunas'),
('RCV0000005', 'ORD0000003', '2018-04-28', 'FRNT-AXL-6x41', 3, 'Lunas'),
('RCV0000007', 'ORD0000004', '2018-07-21', 'BH-12x45', 50, 'On Order'),
('RCV0000008', 'ORD0000005', '2018-08-06', 'BH-12x45', 23, 'lunas');

--
-- Triggers `purchas_receiving`
--
DELIMITER $$
CREATE TRIGGER `penambahanreceiving` AFTER INSERT ON `purchas_receiving` FOR EACH ROW UPDATE order_barang set jumlah_kedatangan=jumlah_kedatangan + new.jumlah_barang
where nomer_order=new.nomer_order
$$
DELIMITER ;

-- --------------------------------------------------------

--
-- Table structure for table `purchas_receivingrtr`
--

CREATE TABLE `purchas_receivingrtr` (
  `nomer_receivingrtr` varchar(25) NOT NULL,
  `nomer_reture` varchar(25) DEFAULT NULL,
  `tanggal` date DEFAULT NULL,
  `kode_barang` varchar(25) DEFAULT NULL,
  `jumlah_barang` int(11) DEFAULT NULL,
  `keterangan_barang` varchar(25) DEFAULT NULL
) ENGINE=InnoDB DEFAULT CHARSET=latin1;

--
-- Dumping data for table `purchas_receivingrtr`
--

INSERT INTO `purchas_receivingrtr` (`nomer_receivingrtr`, `nomer_reture`, `tanggal`, `kode_barang`, `jumlah_barang`, `keterangan_barang`) VALUES
('RCV0000001', 'RTR0000002', '2018-04-28', 'BH-12x45', 10, 'Parsial'),
('RCV0000002', 'RTR0000002', '2018-04-28', 'BH-12x45', 1, 'Lunas'),
('RCV0000003', 'RTR0000001', '2018-05-04', 'BH-12x45', 1, 'Lunas'),
('RCV0000004', 'RTR0000003', '2018-06-05', 'TRN-U-MRD-01', 2, 'lunas'),
('RCV0000005', 'RTR0000005', '2018-06-06', 'BH-12x45', 2, 'Lunas');

--
-- Triggers `purchas_receivingrtr`
--
DELIMITER $$
CREATE TRIGGER `penambahanreceivingrtr` AFTER INSERT ON `purchas_receivingrtr` FOR EACH ROW UPDATE reture_barang set jumlah_kedatangan=jumlah_kedatangan + new.jumlah_barang
where nomer_reture=new.nomer_reture
$$
DELIMITER ;

-- --------------------------------------------------------

--
-- Table structure for table `register`
--

CREATE TABLE `register` (
  `nama_depan` varchar(25) DEFAULT NULL,
  `nama_belakang` varchar(25) DEFAULT NULL,
  `tanggal` date DEFAULT NULL,
  `username` varchar(25) NOT NULL,
  `password` varchar(25) DEFAULT NULL,
  `status` varchar(25) DEFAULT NULL,
  `foto` text NOT NULL
) ENGINE=InnoDB DEFAULT CHARSET=latin1;

--
-- Dumping data for table `register`
--

INSERT INTO `register` (`nama_depan`, `nama_belakang`, `tanggal`, `username`, `password`, `status`, `foto`) VALUES
('admin', 'admin', '2018-08-07', 'admin', 'admin', 'admin', 'admin.jpg'),
('ibas', 'base', '2018-08-07', 'ibas', 'ibasbase', 'admin', '2015-05-26 11.jpg'),
('purchasing', 'purchasing', '2018-08-07', 'purchasing', 'purchasing', 'purchasing', 'purchasing.jpg'),
('revisi', 'revisi', '2018-08-07', 'revisi', 'revisi', 'admin', 'IMG20180303095831.jpg'),
('user', 'user', '2018-08-07', 'user', 'user', 'warehouse', 'Koala.jpg'),
('warehouse', 'warehouse', '2018-08-07', 'warehouse', 'warehouse', 'warehouse', 'warehouse.jpg');

-- --------------------------------------------------------

--
-- Table structure for table `reture_barang`
--

CREATE TABLE `reture_barang` (
  `nomer_reture` varchar(25) NOT NULL,
  `tanggal` date DEFAULT NULL,
  `kode_barang` varchar(25) DEFAULT NULL,
  `nama_barang` varchar(25) DEFAULT NULL,
  `jumlah_reture` int(11) DEFAULT NULL,
  `jumlah_kedatangan` int(11) DEFAULT NULL,
  `keterangan` varchar(25) DEFAULT NULL
) ENGINE=InnoDB DEFAULT CHARSET=latin1;

--
-- Dumping data for table `reture_barang`
--

INSERT INTO `reture_barang` (`nomer_reture`, `tanggal`, `kode_barang`, `nama_barang`, `jumlah_reture`, `jumlah_kedatangan`, `keterangan`) VALUES
('RTR0000001', '2018-04-19', 'BH-12x45', 'Bolt Hex M12x45', 1, 1, 'Reture'),
('RTR0000002', '2018-04-19', 'BH-12x45', 'Bolt Hex M12x45', 11, 11, 'Reture'),
('RTR0000003', '2018-04-20', 'TRN-U-MRD-01', 'Trasnfer Un Merried', 2, 2, 'Reture'),
('RTR0000004', '2018-05-08', 'BH-12x45', 'Bolt Hex M12x45', 30, 0, 'Reture'),
('RTR0000005', '2018-06-06', 'BH-12x45', 'Bolt Hex M12x45', 2, 2, 'NG');

--
-- Triggers `reture_barang`
--
DELIMITER $$
CREATE TRIGGER `penguranganreture` AFTER INSERT ON `reture_barang` FOR EACH ROW UPDATE stok_barang set stok=stok - new.jumlah_reture
where kode_barang=new.kode_barang
$$
DELIMITER ;

-- --------------------------------------------------------

--
-- Table structure for table `stok_barang`
--

CREATE TABLE `stok_barang` (
  `kode_barang` varchar(30) NOT NULL,
  `nama_barang` varchar(50) DEFAULT NULL,
  `jenis_barang` varchar(25) DEFAULT NULL,
  `stok` int(11) NOT NULL
) ENGINE=InnoDB DEFAULT CHARSET=latin1;

--
-- Dumping data for table `stok_barang`
--

INSERT INTO `stok_barang` (`kode_barang`, `nama_barang`, `jenis_barang`, `stok`) VALUES
('BH-12x45', 'Bolt Hex M12x45', 'Bolt Hex', 596),
('BH-12x50', 'Bolt Hex M12x50', 'Bolt Hex', 808),
('BH-14x40', 'Bolt Hex M14x40', 'Bolt Hex', 11),
('CSA-01-MRD', 'Cover Shifter Area Merried', 'Assy Unit', 20),
('CSA-02-UMRD', 'Cover Shifter Area Un Merried', 'Assy Unit', 43),
('DF-6x40', 'Differential Assy 6x40', 'Assy Unit', 22),
('FB-10x25', 'Flange Bolt M10x25', 'Bolt Flange', 112),
('FRNT-AXL-6x37', 'Front Axle 6x37', 'Assy Unit', 120),
('FRNT-AXL-6x40', 'Front Axle 6x40', 'Assy Unit', 9),
('FRNT-AXL-6x41', 'Front Axle 6x41', 'Assy Unit', 133),
('TRN-MRD-01', 'Trasnfer Merried', 'Assy Unit', 100),
('TRN-U-MRD-01', 'Trasnfer Un Merried', 'Assy Unit', 898);

-- --------------------------------------------------------

--
-- Table structure for table `supplier`
--

CREATE TABLE `supplier` (
  `kode_supplier` varchar(25) NOT NULL,
  `nama_supplier` varchar(50) DEFAULT NULL,
  `alamat` varchar(50) DEFAULT NULL,
  `kota` varchar(20) DEFAULT NULL,
  `email` varchar(40) DEFAULT NULL,
  `telp` int(11) DEFAULT NULL,
  `fax` int(11) DEFAULT NULL
) ENGINE=InnoDB DEFAULT CHARSET=latin1;

--
-- Dumping data for table `supplier`
--

INSERT INTO `supplier` (`kode_supplier`, `nama_supplier`, `alamat`, `kota`, `email`, `telp`, `fax`) VALUES
('ALCSJT', 'PT. Alcorindo Sejahteraa', 'Jl Raya Narogong ', 'Bekasi Barat', 'alcorindosjt@gmail.com', 88778845, 88778845),
('ASNBB', 'PT. Asian Berindo Bearing', 'Jl Tangerang Raya', 'Tangerangg', 'asianbb@gmail.com', 88665412, 88665412),
('BNTGBRTM', 'PT. Bintang Baru Tama', 'Jl Tangerang Banten', 'Tangerang', 'bintangbaru@gmail.com', 88009988, 88009988),
('MRTTG', 'PT. Morita Tjokro Gearindo', 'Jln Pulo Gadung Raya', 'Jakartaa', 'mtg@gmail.com', 88787667, 88787667),
('SKNAG', 'PT. Sekina Agung', 'Jln Kebon Jeruk', 'Jakarta', 'Sekinaagung@gmail.com', 88675467, 88675467),
('SKWPM', 'PT. Sekawan Putra Makmur', 'Jl Jababeka 2', 'Cikarang', 'spm@gmail.com', 889967564, 889967564);

-- --------------------------------------------------------

--
-- Table structure for table `vendor`
--

CREATE TABLE `vendor` (
  `kode_vendor` varchar(25) NOT NULL,
  `nama_vendor` varchar(50) DEFAULT NULL,
  `alamat` varchar(50) DEFAULT NULL,
  `kota` varchar(20) DEFAULT NULL,
  `email` varchar(40) DEFAULT NULL,
  `telp` int(11) DEFAULT NULL,
  `fax` int(11) DEFAULT NULL
) ENGINE=InnoDB DEFAULT CHARSET=latin1;

--
-- Dumping data for table `vendor`
--

INSERT INTO `vendor` (`kode_vendor`, `nama_vendor`, `alamat`, `kota`, `email`, `telp`, `fax`) VALUES
('AXLIND', 'PT. AXLE INDONESIA', 'Jl Sumatra MM2100', 'Cikarangg', 'axleind@gmail.com', 88990098, 88990098),
('HTMLIND', 'PT. Hotmal Indonesia', 'Jl Tangerang Raya', 'Cikarang', 'hotmalind@gmail.com', 88997645, 88997645),
('INDKDPLTG', 'PT. Indo Kida Plating', 'Jl Bali MM2100', 'Cikarang', 'indokida@gmail.com', 88778765, 88778765),
('LNCRJYABD', 'PT. Lancar Jaya Abadi', 'Jl Narogong Raya', 'Bekasi', 'lancarjaya@gmail.com', 88776545, 88776545);

--
-- Indexes for dumped tables
--

--
-- Indexes for table `barang_keluar`
--
ALTER TABLE `barang_keluar`
  ADD PRIMARY KEY (`nomer_transaksi`),
  ADD KEY `kode_barang` (`kode_barang`);

--
-- Indexes for table `barang_masuk`
--
ALTER TABLE `barang_masuk`
  ADD PRIMARY KEY (`nomer_transaksi`),
  ADD KEY `kode_barang` (`kode_barang`),
  ADD KEY `jumlah_barang` (`jumlah_barang`);

--
-- Indexes for table `cart`
--
ALTER TABLE `cart`
  ADD PRIMARY KEY (`nomer_transaksi`);

--
-- Indexes for table `customer`
--
ALTER TABLE `customer`
  ADD PRIMARY KEY (`kode_customer`);

--
-- Indexes for table `order_barang`
--
ALTER TABLE `order_barang`
  ADD PRIMARY KEY (`nomer_order`);

--
-- Indexes for table `permintaan_barang_operator`
--
ALTER TABLE `permintaan_barang_operator`
  ADD PRIMARY KEY (`nomer_permintaan`);

--
-- Indexes for table `purchas_receiving`
--
ALTER TABLE `purchas_receiving`
  ADD PRIMARY KEY (`nomer_receiving`),
  ADD KEY `FK_purchas_receiving_barang_masuk` (`kode_barang`);

--
-- Indexes for table `purchas_receivingrtr`
--
ALTER TABLE `purchas_receivingrtr`
  ADD PRIMARY KEY (`nomer_receivingrtr`),
  ADD KEY `kode_barang` (`kode_barang`,`jumlah_barang`);

--
-- Indexes for table `register`
--
ALTER TABLE `register`
  ADD PRIMARY KEY (`username`);

--
-- Indexes for table `reture_barang`
--
ALTER TABLE `reture_barang`
  ADD PRIMARY KEY (`nomer_reture`),
  ADD KEY `kode_barang` (`kode_barang`);

--
-- Indexes for table `stok_barang`
--
ALTER TABLE `stok_barang`
  ADD PRIMARY KEY (`kode_barang`);

--
-- Indexes for table `supplier`
--
ALTER TABLE `supplier`
  ADD PRIMARY KEY (`kode_supplier`);

--
-- Indexes for table `vendor`
--
ALTER TABLE `vendor`
  ADD PRIMARY KEY (`kode_vendor`);
--
-- Database: `skripsiinventory`
--
CREATE DATABASE IF NOT EXISTS `skripsiinventory` DEFAULT CHARACTER SET latin1 COLLATE latin1_swedish_ci;
USE `skripsiinventory`;

-- --------------------------------------------------------

--
-- Table structure for table `barang_keluar`
--

CREATE TABLE `barang_keluar` (
  `nomer_transaksi` varchar(12) NOT NULL,
  `tanggal` date DEFAULT NULL,
  `kode_barang` varchar(25) NOT NULL,
  `jumlah_barang` int(11) DEFAULT NULL,
  `satuan` varchar(25) DEFAULT NULL,
  `keterangan` varchar(25) DEFAULT NULL
) ENGINE=InnoDB DEFAULT CHARSET=latin1;

--
-- Dumping data for table `barang_keluar`
--

INSERT INTO `barang_keluar` (`nomer_transaksi`, `tanggal`, `kode_barang`, `jumlah_barang`, `satuan`, `keterangan`) VALUES
('OUT0000001', '2018-04-04', 'FRNT-AXL-6x40', 3, 'Unit', 'Pengambilan'),
('OUT0000002', '2018-04-05', 'BH-12x45', 2, 'Pcs', 'Pengambilan'),
('OUT0000003', '2018-04-05', 'BH-12x45', 10000, 'Pcs', 'Pengambilan'),
('OUT0000004', '2018-04-05', 'BH-12x45', 23, 'Pcs', 'Pengambilan'),
('OUT0000005', '2018-04-05', 'BH-12x45', 1, 'Pcs', 'Pengambilan'),
('OUT0000006', '2018-04-06', 'BH-12x45', 1, 'Pcs', 'Pengambilan'),
('OUT0000007', '2018-04-20', 'BH-12x45', 20, 'Pcs', 'Penjualan'),
('OUT0000008', '2018-04-28', 'BH-12x50', 2, 'Pcs', 'Pengambilan');

--
-- Triggers `barang_keluar`
--
DELIMITER $$
CREATE TRIGGER `pengurangan` AFTER INSERT ON `barang_keluar` FOR EACH ROW UPDATE stok_barang set stok=stok - new.jumlah_barang
where kode_barang=new.kode_barang
$$
DELIMITER ;

-- --------------------------------------------------------

--
-- Table structure for table `barang_masuk`
--

CREATE TABLE `barang_masuk` (
  `nomer_transaksi` varchar(15) NOT NULL,
  `tanggal` date DEFAULT NULL,
  `kode_barang` varchar(25) NOT NULL,
  `kode_supplier` varchar(25) DEFAULT NULL,
  `jumlah_barang` int(11) DEFAULT NULL,
  `satuan` varchar(25) DEFAULT NULL,
  `keterangan` varchar(25) DEFAULT NULL
) ENGINE=InnoDB DEFAULT CHARSET=latin1;

--
-- Dumping data for table `barang_masuk`
--

INSERT INTO `barang_masuk` (`nomer_transaksi`, `tanggal`, `kode_barang`, `kode_supplier`, `jumlah_barang`, `satuan`, `keterangan`) VALUES
('RCV0000001', '2018-04-04', 'FRNT-AXL-6x37', 'ALCSJT', 33, 'Pcs', 'Pemasukan'),
('RCV0000002', '2018-04-05', 'BH-12x50', 'ALCSJT', 12, 'Pcs', 'Pemasukan'),
('RCV0000003', '2018-04-05', 'FRNT-AXL-6x41', 'MRTTG', 11, 'Pcs', 'Pemasukan'),
('RCV0000004', '2018-04-05', 'BH-12x45', 'ALCSJT', 26, 'Pcs', 'Pemasukan'),
('RCV0000005', '2018-04-05', 'BH-12x45', 'ALCSJT', 10000, 'Pcs', 'Pemasukan');

--
-- Triggers `barang_masuk`
--
DELIMITER $$
CREATE TRIGGER `penambahan` AFTER INSERT ON `barang_masuk` FOR EACH ROW UPDATE stok_barang set stok=stok + new.jumlah_barang
where kode_barang=new.kode_barang
$$
DELIMITER ;

-- --------------------------------------------------------

--
-- Table structure for table `cart`
--

CREATE TABLE `cart` (
  `nomer_transaksi` varchar(12) NOT NULL,
  `tanggal` date DEFAULT NULL,
  `kode_barang` varchar(25) NOT NULL,
  `jumlah_barang` int(11) DEFAULT NULL,
  `satuan` varchar(25) DEFAULT NULL,
  `keterangan` varchar(25) DEFAULT NULL
) ENGINE=InnoDB DEFAULT CHARSET=latin1;

-- --------------------------------------------------------

--
-- Table structure for table `customer`
--

CREATE TABLE `customer` (
  `kode_customer` varchar(30) NOT NULL,
  `nama_customer` varchar(50) DEFAULT NULL,
  `alamat` varchar(50) DEFAULT NULL,
  `kota` varchar(30) DEFAULT NULL,
  `email` varchar(40) DEFAULT NULL,
  `telp` int(11) DEFAULT NULL,
  `fax` int(11) DEFAULT NULL
) ENGINE=InnoDB DEFAULT CHARSET=latin1;

--
-- Dumping data for table `customer`
--

INSERT INTO `customer` (`kode_customer`, `nama_customer`, `alamat`, `kota`, `email`, `telp`, `fax`) VALUES
('AUM', 'PT. Agung Auto Mall', 'Jl Padurenan Jaya', 'Bekasi', 'agungauto@gmail.com', 88990076, 88990076),
('HMSI', 'PT. Hino Motor Sales Indonesia', 'Jl Jatake', 'Jakarta', 'hmsijatake@gmail.com', 88112233, 88112233),
('MTSJYABD', 'PT. Mitsubishi Jaya abadi', 'Jl Jababeka 3', 'Cikarang', 'mtsjayaabadi@gmail.com', 88445512, 88445512);

-- --------------------------------------------------------

--
-- Table structure for table `order_barang`
--

CREATE TABLE `order_barang` (
  `nomer_order` varchar(12) NOT NULL,
  `tanggal` date DEFAULT NULL,
  `kode_barang` varchar(25) DEFAULT NULL,
  `nama_barang` varchar(25) DEFAULT NULL,
  `jumlah_order` int(11) DEFAULT NULL,
  `jumlah_kedatangan` int(11) DEFAULT NULL,
  `keterangan` varchar(25) DEFAULT NULL
) ENGINE=InnoDB DEFAULT CHARSET=latin1;

--
-- Dumping data for table `order_barang`
--

INSERT INTO `order_barang` (`nomer_order`, `tanggal`, `kode_barang`, `nama_barang`, `jumlah_order`, `jumlah_kedatangan`, `keterangan`) VALUES
('ORD0000001', '2018-04-05', 'BH-12x45', 'Bolt Hex M12x45', 12, 24, 'Urgent'),
('ORD0000002', '2018-04-05', 'TRN-U-MRD-01', 'Trasnfer Un Merried', 100, 100, 'Urgent'),
('ORD0000003', '2018-04-05', 'FRNT-AXL-6x41', 'Front Axle Assy ', 90, 93, 'Urgent');

-- --------------------------------------------------------

--
-- Table structure for table `purchas_receiving`
--

CREATE TABLE `purchas_receiving` (
  `nomer_receiving` varchar(20) NOT NULL,
  `nomer_order` varchar(12) DEFAULT NULL,
  `tanggal` date DEFAULT NULL,
  `kode_barang` varchar(25) DEFAULT NULL,
  `jumlah_barang` int(11) DEFAULT NULL,
  `keterangan_barang` varchar(25) DEFAULT NULL
) ENGINE=InnoDB DEFAULT CHARSET=latin1;

--
-- Dumping data for table `purchas_receiving`
--

INSERT INTO `purchas_receiving` (`nomer_receiving`, `nomer_order`, `tanggal`, `kode_barang`, `jumlah_barang`, `keterangan_barang`) VALUES
('RCV0000001', 'ORD0000001', '2018-04-28', 'BH-12x45', 2, 'Parsial'),
('RCV0000002', 'ORD0000001', '2018-04-28', 'BH-12x45', 2, 'W'),
('RCV0000004', 'ORD0000001', '2018-04-28', 'BH-12x45', 2, 'Lunas'),
('RCV0000005', 'ORD0000003', '2018-04-28', 'FRNT-AXL-6x41', 3, 'Lunas'),
('RCV0000006', 'ORD0000001', '2018-04-28', 'FRNT-AXL-6x41', 3, 'k');

--
-- Triggers `purchas_receiving`
--
DELIMITER $$
CREATE TRIGGER `penambahanreceiving` AFTER INSERT ON `purchas_receiving` FOR EACH ROW UPDATE order_barang set jumlah_kedatangan=jumlah_kedatangan + new.jumlah_barang
where nomer_order=new.nomer_order
$$
DELIMITER ;

-- --------------------------------------------------------

--
-- Table structure for table `purchas_receivingrtr`
--

CREATE TABLE `purchas_receivingrtr` (
  `nomer_receivingrtr` varchar(20) NOT NULL,
  `nomer_reture` varchar(20) DEFAULT NULL,
  `tanggal` date DEFAULT NULL,
  `kode_barang` varchar(20) DEFAULT NULL,
  `jumlah_barang` int(11) DEFAULT NULL,
  `keterangan_barang` varchar(40) DEFAULT NULL
) ENGINE=InnoDB DEFAULT CHARSET=latin1;

--
-- Dumping data for table `purchas_receivingrtr`
--

INSERT INTO `purchas_receivingrtr` (`nomer_receivingrtr`, `nomer_reture`, `tanggal`, `kode_barang`, `jumlah_barang`, `keterangan_barang`) VALUES
('RCV0000001', 'RTR0000002', '2018-04-28', 'BH-12x45', 10, 'Parsial'),
('RCV0000002', 'RTR0000002', '2018-04-28', 'BH-12x45', 1, 'Lunas');

--
-- Triggers `purchas_receivingrtr`
--
DELIMITER $$
CREATE TRIGGER `penambahanreceivingrtr` AFTER INSERT ON `purchas_receivingrtr` FOR EACH ROW UPDATE reture_barang set jumlah_kedatangan=jumlah_kedatangan + new.jumlah_barang
where nomer_reture=new.nomer_reture
$$
DELIMITER ;

-- --------------------------------------------------------

--
-- Table structure for table `register`
--

CREATE TABLE `register` (
  `nama_depan` varchar(30) DEFAULT NULL,
  `nama_belakang` varchar(30) DEFAULT NULL,
  `tanggal` date DEFAULT NULL,
  `username` varchar(30) NOT NULL,
  `password` varchar(30) DEFAULT NULL,
  `status` varchar(30) DEFAULT NULL,
  `foto` text
) ENGINE=InnoDB DEFAULT CHARSET=latin1;

--
-- Dumping data for table `register`
--

INSERT INTO `register` (`nama_depan`, `nama_belakang`, `tanggal`, `username`, `password`, `status`, `foto`) VALUES
('admin', 'mimin', '2018-05-01', 'admin', 'admin', 'admin', NULL),
('kontil', 'kontil', '2018-06-05', 'kontil', 'b829071a7a3a979ff4d1c5bb387db2', 'admin', '396699_364933866869343_1603530984_n.jpg'),
('purchas', 'ing', '2018-05-03', 'purchasing', '8333b049f76b4419f7e9f682d76280', 'purchasing', '05.jpg');

-- --------------------------------------------------------

--
-- Table structure for table `reture_barang`
--

CREATE TABLE `reture_barang` (
  `nomer_reture` varchar(20) NOT NULL,
  `tanggal` date DEFAULT NULL,
  `kode_barang` varchar(20) DEFAULT NULL,
  `nama_barang` varchar(30) DEFAULT NULL,
  `jumlah_reture` int(11) DEFAULT NULL,
  `jumlah_kedatangan` int(11) DEFAULT NULL,
  `keterangan` varchar(20) DEFAULT NULL
) ENGINE=InnoDB DEFAULT CHARSET=latin1;

--
-- Dumping data for table `reture_barang`
--

INSERT INTO `reture_barang` (`nomer_reture`, `tanggal`, `kode_barang`, `nama_barang`, `jumlah_reture`, `jumlah_kedatangan`, `keterangan`) VALUES
('RTR0000001', '2018-04-19', 'BH-12x45', 'Bolt Hex M12x45', 1, 0, 'Reture'),
('RTR0000002', '2018-04-19', 'BH-12x45', 'Bolt Hex M12x45', 11, 11, 'Reture'),
('RTR0000003', '2018-04-20', 'TRN-U-MRD-01', 'Trasnfer Un Merried', 2, 0, 'Reture');

--
-- Triggers `reture_barang`
--
DELIMITER $$
CREATE TRIGGER `penguranganreture` AFTER INSERT ON `reture_barang` FOR EACH ROW UPDATE stok_barang set stok=stok - new.jumlah_reture
where kode_barang=new.kode_barang
$$
DELIMITER ;

-- --------------------------------------------------------

--
-- Table structure for table `stok_barang`
--

CREATE TABLE `stok_barang` (
  `kode_barang` varchar(30) NOT NULL,
  `nama_barang` varchar(50) DEFAULT NULL,
  `jenis_barang` varchar(30) DEFAULT NULL,
  `stok` int(11) NOT NULL
) ENGINE=InnoDB DEFAULT CHARSET=latin1;

--
-- Dumping data for table `stok_barang`
--

INSERT INTO `stok_barang` (`kode_barang`, `nama_barang`, `jenis_barang`, `stok`) VALUES
('aaa', 'aaa', 'aaa', 2),
('BH-12x45', 'Bolt Hex M12x45', 'Bolt Hex', 730),
('BH-12x50', 'Bolt Hex M12x50', 'Bolt Hex', 810),
('BH-14x40', 'Bolt Hex M14x40', 'Bolt Hex', 11),
('CSA-01-MRD', 'Cover Shifter Area Merried', 'Assy Unit', 20),
('CSA-02-UMRD', 'Cover Shifter Area Un Merried', 'Assy Unit', 43),
('FB-10x25', 'Flange Bolt M10x25', 'Bolt Flange', 112),
('FRNT-AXL-6x37', 'Front Axle 6x37', 'Assy Unit', 120),
('FRNT-AXL-6x40', 'Front Axle 6x40', 'Assy Unit', 9),
('FRNT-AXL-6x41', 'Front Axle 6x41', 'Assy Unit', 133),
('TRN-MRD-01', 'Trasnfer Merried', 'Assy Unit', 100),
('TRN-U-MRD-01', 'Trasnfer Un Merried', 'Assy Unit', 898);

-- --------------------------------------------------------

--
-- Table structure for table `supplier`
--

CREATE TABLE `supplier` (
  `kode_supplier` varchar(25) NOT NULL,
  `nama_supplier` varchar(50) DEFAULT NULL,
  `alamat` varchar(50) DEFAULT NULL,
  `kota` varchar(20) DEFAULT NULL,
  `email` varchar(40) DEFAULT NULL,
  `telp` int(11) DEFAULT NULL,
  `fax` int(11) DEFAULT NULL
) ENGINE=InnoDB DEFAULT CHARSET=latin1;

--
-- Dumping data for table `supplier`
--

INSERT INTO `supplier` (`kode_supplier`, `nama_supplier`, `alamat`, `kota`, `email`, `telp`, `fax`) VALUES
('ALCSJT', 'PT. Alcorindo Sejahteraa', 'Jl Raya Narogong ', 'Bekasi', 'alcorindosjt@gmail.com', 88778845, 88778845),
('ASNBB', 'PT. Asian Berindo Bearing', 'Jl Tangerang Raya', 'Tangerang', 'asianbb@gmail.com', 88665412, 88665412),
('BNTGBRTM', 'PT. Bintang Baru Tama', 'Jl Tangerang Banten', 'Tangerang', 'bintangbaru@gmail.com', 88009988, 88009988),
('MRTTG', 'PT. Morita Tjokro Gearindo', 'Jln Pulo Gadung Raya', 'Jakartaa', 'mtg@gmail.com', 88787667, 88787667),
('SKNAG', 'PT. Sekina Agung', 'Jln Kebon Jeruk', 'Jakarta', 'Sekinaagung@gmail.com', 88675467, 88675467),
('SKWPM', 'PT. Sekawan Putra Makmur', 'Jl Jababeka 2', 'Cikarang', 'spm@gmail.com', 889967564, 889967564);

-- --------------------------------------------------------

--
-- Table structure for table `vendor`
--

CREATE TABLE `vendor` (
  `kode_vendor` varchar(25) NOT NULL,
  `nama_vendor` varchar(50) DEFAULT NULL,
  `alamat` varchar(50) DEFAULT NULL,
  `kota` varchar(20) DEFAULT NULL,
  `email` varchar(50) DEFAULT NULL,
  `telp` int(11) DEFAULT NULL,
  `fax` int(11) DEFAULT NULL
) ENGINE=InnoDB DEFAULT CHARSET=latin1;

--
-- Dumping data for table `vendor`
--

INSERT INTO `vendor` (`kode_vendor`, `nama_vendor`, `alamat`, `kota`, `email`, `telp`, `fax`) VALUES
('AXLIND', 'PT. AXLE INDONESIA', 'Jl Sumatra MM2100', 'Cikarang', 'axleind@gmail.com', 88990098, 88990098),
('HTMLIND', 'PT. Hotmal Indonesia', 'Jl Tangerang Raya', 'Cikarang', 'hotmalind@gmail.com', 88997645, 88997645),
('INDKDPLTG', 'PT. Indo Kida Plating', 'Jl Bali MM2100', 'Cikarang', 'indokida@gmail.com', 88778765, 88778765),
('LNCRJYABD', 'PT. Lancar Jaya Abadi', 'Jl Narogong Raya', 'Bekasi', 'lancarjaya@gmail.com', 88776545, 88776545);

--
-- Indexes for dumped tables
--

--
-- Indexes for table `barang_keluar`
--
ALTER TABLE `barang_keluar`
  ADD PRIMARY KEY (`nomer_transaksi`);

--
-- Indexes for table `barang_masuk`
--
ALTER TABLE `barang_masuk`
  ADD PRIMARY KEY (`nomer_transaksi`);

--
-- Indexes for table `cart`
--
ALTER TABLE `cart`
  ADD PRIMARY KEY (`nomer_transaksi`);

--
-- Indexes for table `customer`
--
ALTER TABLE `customer`
  ADD PRIMARY KEY (`kode_customer`);

--
-- Indexes for table `order_barang`
--
ALTER TABLE `order_barang`
  ADD PRIMARY KEY (`nomer_order`);

--
-- Indexes for table `purchas_receiving`
--
ALTER TABLE `purchas_receiving`
  ADD PRIMARY KEY (`nomer_receiving`);

--
-- Indexes for table `purchas_receivingrtr`
--
ALTER TABLE `purchas_receivingrtr`
  ADD PRIMARY KEY (`nomer_receivingrtr`);

--
-- Indexes for table `register`
--
ALTER TABLE `register`
  ADD PRIMARY KEY (`username`);

--
-- Indexes for table `reture_barang`
--
ALTER TABLE `reture_barang`
  ADD PRIMARY KEY (`nomer_reture`);

--
-- Indexes for table `stok_barang`
--
ALTER TABLE `stok_barang`
  ADD PRIMARY KEY (`kode_barang`);

--
-- Indexes for table `supplier`
--
ALTER TABLE `supplier`
  ADD PRIMARY KEY (`kode_supplier`);

--
-- Indexes for table `vendor`
--
ALTER TABLE `vendor`
  ADD PRIMARY KEY (`kode_vendor`);
--
-- Database: `skripsiinventory_2`
--
CREATE DATABASE IF NOT EXISTS `skripsiinventory_2` DEFAULT CHARACTER SET latin1 COLLATE latin1_swedish_ci;
USE `skripsiinventory_2`;

-- --------------------------------------------------------

--
-- Table structure for table `barang_keluar`
--

CREATE TABLE `barang_keluar` (
  `nomer_transaksi` varchar(12) NOT NULL,
  `tanggal` date DEFAULT NULL,
  `kode_barang` varchar(25) NOT NULL,
  `jumlah_barang` int(11) DEFAULT NULL,
  `satuan` varchar(25) DEFAULT NULL,
  `keterangan` varchar(25) DEFAULT NULL
) ENGINE=InnoDB DEFAULT CHARSET=latin1;

--
-- Dumping data for table `barang_keluar`
--

INSERT INTO `barang_keluar` (`nomer_transaksi`, `tanggal`, `kode_barang`, `jumlah_barang`, `satuan`, `keterangan`) VALUES
('OUT0000001', '2018-04-04', 'FRNT-AXL-6x40', 3, 'Unit', 'Pengambilan'),
('OUT0000002', '2018-04-05', 'BH-12x45', 2, 'Pcs', 'Pengambilan'),
('OUT0000003', '2018-04-05', 'BH-12x45', 10000, 'Pcs', 'Pengambilan'),
('OUT0000004', '2018-04-05', 'BH-12x45', 23, 'Pcs', 'Pengambilan'),
('OUT0000005', '2018-04-05', 'BH-12x45', 1, 'Pcs', 'Pengambilan'),
('OUT0000006', '2018-04-06', 'BH-12x45', 1, 'Pcs', 'Pengambilan'),
('OUT0000007', '2018-04-20', 'BH-12x45', 20, 'Pcs', 'Penjualan'),
('OUT0000008', '2018-04-28', 'BH-12x50', 2, 'Pcs', 'Pengambilan'),
('OUT0000009', '2018-05-04', 'asdasd', 2, 'Pcs', 'Pengambilan'),
('OUT0000010', '2018-06-05', 'asdasd', 1, 'Unit', 'Reject'),
('OUT0000011', '2018-06-05', 'BH-12x50', 2, 'Pcs', 'Pengambilan');

--
-- Triggers `barang_keluar`
--
DELIMITER $$
CREATE TRIGGER `pengurangan` AFTER INSERT ON `barang_keluar` FOR EACH ROW UPDATE stok_barang set stok=stok - new.jumlah_barang
where kode_barang=new.kode_barang
$$
DELIMITER ;

-- --------------------------------------------------------

--
-- Table structure for table `barang_masuk`
--

CREATE TABLE `barang_masuk` (
  `nomer_transaksi` varchar(15) NOT NULL,
  `tanggal` date DEFAULT NULL,
  `kode_barang` varchar(25) NOT NULL,
  `kode_supplier` varchar(25) DEFAULT NULL,
  `jumlah_barang` int(11) DEFAULT NULL,
  `satuan` varchar(25) DEFAULT NULL,
  `keterangan` varchar(25) DEFAULT NULL
) ENGINE=InnoDB DEFAULT CHARSET=latin1;

--
-- Dumping data for table `barang_masuk`
--

INSERT INTO `barang_masuk` (`nomer_transaksi`, `tanggal`, `kode_barang`, `kode_supplier`, `jumlah_barang`, `satuan`, `keterangan`) VALUES
('RCV0000001', '2018-04-04', 'FRNT-AXL-6x37', 'ALCSJT', 33, 'Pcs', 'Pemasukan'),
('RCV0000002', '2018-04-05', 'BH-12x50', 'ALCSJT', 12, 'Pcs', 'Pemasukan'),
('RCV0000003', '2018-04-05', 'FRNT-AXL-6x41', 'MRTTG', 11, 'Pcs', 'Pemasukan'),
('RCV0000004', '2018-04-05', 'BH-12x45', 'ALCSJT', 26, 'Pcs', 'Pemasukan'),
('RCV0000005', '2018-04-05', 'BH-12x45', 'ALCSJT', 10000, 'Pcs', 'Pemasukan');

--
-- Triggers `barang_masuk`
--
DELIMITER $$
CREATE TRIGGER `penambahan` AFTER INSERT ON `barang_masuk` FOR EACH ROW UPDATE stok_barang set stok=stok + new.jumlah_barang
where kode_barang=new.kode_barang
$$
DELIMITER ;

-- --------------------------------------------------------

--
-- Table structure for table `cart`
--

CREATE TABLE `cart` (
  `nomer_transaksi` varchar(12) NOT NULL,
  `tanggal` date DEFAULT NULL,
  `kode_barang` varchar(25) NOT NULL,
  `jumlah_barang` int(11) DEFAULT NULL,
  `satuan` varchar(25) DEFAULT NULL,
  `keterangan` varchar(25) DEFAULT NULL
) ENGINE=InnoDB DEFAULT CHARSET=latin1;

--
-- Dumping data for table `cart`
--

INSERT INTO `cart` (`nomer_transaksi`, `tanggal`, `kode_barang`, `jumlah_barang`, `satuan`, `keterangan`) VALUES
('OUT0000009', '2018-05-04', 'asdasd', 2, 'Pcs', 'Pengambilan'),
('OUT0000010', '2018-06-05', 'asdasd', 1, 'Unit', 'Reject'),
('OUT0000011', '2018-06-05', 'BH-12x50', 2, 'Pcs', 'Pengambilan');

-- --------------------------------------------------------

--
-- Table structure for table `customer`
--

CREATE TABLE `customer` (
  `kode_customer` varchar(30) NOT NULL,
  `nama_customer` varchar(50) DEFAULT NULL,
  `alamat` varchar(50) DEFAULT NULL,
  `kota` varchar(30) DEFAULT NULL,
  `email` varchar(40) DEFAULT NULL,
  `telp` int(11) DEFAULT NULL,
  `fax` int(11) DEFAULT NULL
) ENGINE=InnoDB DEFAULT CHARSET=latin1;

--
-- Dumping data for table `customer`
--

INSERT INTO `customer` (`kode_customer`, `nama_customer`, `alamat`, `kota`, `email`, `telp`, `fax`) VALUES
('AUM', 'PT. Agung Auto Mall', 'Jl Padurenan Jaya', 'Bekasi', 'agungauto@gmail.com', 88990076, 88990076),
('HMSI', 'PT. Hino Motor Sales Indonesia', 'Jl Jatake', 'Jakarta', 'hmsijatake@gmail.com', 88112233, 88112233),
('MTSJYABD', 'PT. Mitsubishi Jaya abadi', 'Jl Jababeka 3', 'Cikarang', 'mtsjayaabadi@gmail.com', 88445512, 88445512);

-- --------------------------------------------------------

--
-- Table structure for table `order_barang`
--

CREATE TABLE `order_barang` (
  `nomer_order` varchar(12) NOT NULL,
  `tanggal` date DEFAULT NULL,
  `kode_barang` varchar(25) DEFAULT NULL,
  `nama_barang` varchar(25) DEFAULT NULL,
  `jumlah_order` int(11) DEFAULT NULL,
  `jumlah_kedatangan` int(11) DEFAULT NULL,
  `keterangan` varchar(25) DEFAULT NULL
) ENGINE=InnoDB DEFAULT CHARSET=latin1;

--
-- Dumping data for table `order_barang`
--

INSERT INTO `order_barang` (`nomer_order`, `tanggal`, `kode_barang`, `nama_barang`, `jumlah_order`, `jumlah_kedatangan`, `keterangan`) VALUES
('ORD0000001', '2018-04-05', 'BH-12x45', 'Bolt Hex M12x45', 12, 24, 'Urgent'),
('ORD0000002', '2018-04-05', 'TRN-U-MRD-01', 'Trasnfer Un Merried', 100, 100, 'Urgent'),
('ORD0000003', '2018-04-05', 'FRNT-AXL-6x41', 'Front Axle Assy ', 90, 93, 'Urgent');

-- --------------------------------------------------------

--
-- Table structure for table `purchas_receiving`
--

CREATE TABLE `purchas_receiving` (
  `nomer_receiving` varchar(20) NOT NULL,
  `nomer_order` varchar(12) DEFAULT NULL,
  `tanggal` date DEFAULT NULL,
  `kode_barang` varchar(25) DEFAULT NULL,
  `jumlah_barang` int(11) DEFAULT NULL,
  `keterangan_barang` varchar(25) DEFAULT NULL
) ENGINE=InnoDB DEFAULT CHARSET=latin1;

--
-- Dumping data for table `purchas_receiving`
--

INSERT INTO `purchas_receiving` (`nomer_receiving`, `nomer_order`, `tanggal`, `kode_barang`, `jumlah_barang`, `keterangan_barang`) VALUES
('RCV0000001', 'ORD0000001', '2018-04-28', 'BH-12x45', 2, 'Parsial'),
('RCV0000002', 'ORD0000001', '2018-04-28', 'BH-12x45', 2, 'W'),
('RCV0000004', 'ORD0000001', '2018-04-28', 'BH-12x45', 2, 'Lunas'),
('RCV0000005', 'ORD0000003', '2018-04-28', 'FRNT-AXL-6x41', 3, 'Lunas'),
('RCV0000006', 'ORD0000001', '2018-04-28', 'FRNT-AXL-6x41', 3, 'k');

--
-- Triggers `purchas_receiving`
--
DELIMITER $$
CREATE TRIGGER `penambahanreceiving` AFTER INSERT ON `purchas_receiving` FOR EACH ROW UPDATE order_barang set jumlah_kedatangan=jumlah_kedatangan + new.jumlah_barang
where nomer_order=new.nomer_order
$$
DELIMITER ;

-- --------------------------------------------------------

--
-- Table structure for table `purchas_receivingrtr`
--

CREATE TABLE `purchas_receivingrtr` (
  `nomer_receivingrtr` varchar(20) NOT NULL,
  `nomer_reture` varchar(20) DEFAULT NULL,
  `tanggal` date DEFAULT NULL,
  `kode_barang` varchar(20) DEFAULT NULL,
  `jumlah_barang` int(11) DEFAULT NULL,
  `keterangan_barang` varchar(40) DEFAULT NULL
) ENGINE=InnoDB DEFAULT CHARSET=latin1;

--
-- Dumping data for table `purchas_receivingrtr`
--

INSERT INTO `purchas_receivingrtr` (`nomer_receivingrtr`, `nomer_reture`, `tanggal`, `kode_barang`, `jumlah_barang`, `keterangan_barang`) VALUES
('RCV0000001', 'RTR0000002', '2018-04-28', 'BH-12x45', 10, 'Parsial'),
('RCV0000002', 'RTR0000002', '2018-04-28', 'BH-12x45', 1, 'Lunas'),
('RCV0000003', 'RTR0000001', '2018-05-04', 'BH-12x45', 1, 'Lunas'),
('RCV0000004', 'RTR0000003', '2018-06-05', 'TRN-U-MRD-01', 2, 'lunas');

--
-- Triggers `purchas_receivingrtr`
--
DELIMITER $$
CREATE TRIGGER `penambahanreceivingrtr` AFTER INSERT ON `purchas_receivingrtr` FOR EACH ROW UPDATE reture_barang set jumlah_kedatangan=jumlah_kedatangan + new.jumlah_barang
where nomer_reture=new.nomer_reture
$$
DELIMITER ;

-- --------------------------------------------------------

--
-- Table structure for table `register`
--

CREATE TABLE `register` (
  `nama_depan` varchar(25) DEFAULT NULL,
  `nama_belakang` varchar(25) DEFAULT NULL,
  `tanggal` date DEFAULT NULL,
  `username` varchar(50) NOT NULL,
  `password` varchar(50) DEFAULT NULL,
  `status` varchar(50) DEFAULT NULL,
  `foto` text NOT NULL
) ENGINE=InnoDB DEFAULT CHARSET=latin1;

--
-- Dumping data for table `register`
--

INSERT INTO `register` (`nama_depan`, `nama_belakang`, `tanggal`, `username`, `password`, `status`, `foto`) VALUES
('admin', 'admin', '2018-06-05', 'admim', 'ec7f92c539ceafc8aab3396a86b3ffb3', 'admin', 'admin.jpg'),
('ibas', 'ibas', '2018-06-05', 'ibas', '4f0c6beb94590174d66943a5fdc4840c', 'admin', 'TESTT.jpg'),
('lolo', 'lolo', '2018-06-05', 'lolo', 'd6581d542c7eaf801284f084478b5fcc', 'admin', '396699_364933866869343_1603530984_n.jpg'),
('purchas', 'ing', '2018-06-05', 'purchasing', '74ba4e8291e8b2e40a31a50505f8b72e', 'purchasing', 'purchasing.jpg'),
('topan', 'topan', '2018-08-27', 'topan', '2b165d92e828c00b5b83f9dc3eb7cc20', 'admin', ''),
('ware', 'house', '2018-06-05', 'warehouse', '372d30dd2849813ef674855253900679', 'warehouse', 'warehouse.jpg');

-- --------------------------------------------------------

--
-- Table structure for table `reture_barang`
--

CREATE TABLE `reture_barang` (
  `nomer_reture` varchar(20) NOT NULL,
  `tanggal` date DEFAULT NULL,
  `kode_barang` varchar(20) DEFAULT NULL,
  `nama_barang` varchar(30) DEFAULT NULL,
  `jumlah_reture` int(11) DEFAULT NULL,
  `jumlah_kedatangan` int(11) DEFAULT NULL,
  `keterangan` varchar(20) DEFAULT NULL
) ENGINE=InnoDB DEFAULT CHARSET=latin1;

--
-- Dumping data for table `reture_barang`
--

INSERT INTO `reture_barang` (`nomer_reture`, `tanggal`, `kode_barang`, `nama_barang`, `jumlah_reture`, `jumlah_kedatangan`, `keterangan`) VALUES
('RTR0000001', '2018-04-19', 'BH-12x45', 'Bolt Hex M12x45', 1, 1, 'Reture'),
('RTR0000002', '2018-04-19', 'BH-12x45', 'Bolt Hex M12x45', 11, 11, 'Reture'),
('RTR0000003', '2018-04-20', 'TRN-U-MRD-01', 'Trasnfer Un Merried', 2, 2, 'Reture'),
('RTR0000004', '2018-05-08', 'BH-12x45', 'Bolt Hex M12x45', 30, 0, 'Reture');

--
-- Triggers `reture_barang`
--
DELIMITER $$
CREATE TRIGGER `penguranganreture` AFTER INSERT ON `reture_barang` FOR EACH ROW UPDATE stok_barang set stok=stok - new.jumlah_reture
where kode_barang=new.kode_barang
$$
DELIMITER ;

-- --------------------------------------------------------

--
-- Table structure for table `stok_barang`
--

CREATE TABLE `stok_barang` (
  `kode_barang` varchar(30) NOT NULL,
  `nama_barang` varchar(50) DEFAULT NULL,
  `jenis_barang` varchar(30) DEFAULT NULL,
  `stok` int(11) NOT NULL
) ENGINE=InnoDB DEFAULT CHARSET=latin1;

--
-- Dumping data for table `stok_barang`
--

INSERT INTO `stok_barang` (`kode_barang`, `nama_barang`, `jenis_barang`, `stok`) VALUES
('BH-12x45', 'Bolt Hex M12x45', 'Bolt Hex', 700),
('BH-12x50', 'Bolt Hex M12x50', 'Bolt Hex', 808),
('BH-14x40', 'Bolt Hex M14x40', 'Bolt Hex', 11),
('CSA-01-MRD', 'Cover Shifter Area Merried', 'Assy Unit', 20),
('CSA-02-UMRD', 'Cover Shifter Area Un Merried', 'Assy Unit', 43),
('FB-10x25', 'Flange Bolt M10x25', 'Bolt Flange', 112),
('FRNT-AXL-6x37', 'Front Axle 6x37', 'Assy Unit', 120),
('FRNT-AXL-6x40', 'Front Axle 6x40', 'Assy Unit', 9),
('FRNT-AXL-6x41', 'Front Axle 6x41', 'Assy Unit', 133),
('TRN-MRD-01', 'Trasnfer Merried', 'Assy Unit', 100),
('TRN-U-MRD-01', 'Trasnfer Un Merried', 'Assy Unit', 898);

-- --------------------------------------------------------

--
-- Table structure for table `supplier`
--

CREATE TABLE `supplier` (
  `kode_supplier` varchar(25) NOT NULL,
  `nama_supplier` varchar(50) DEFAULT NULL,
  `alamat` varchar(50) DEFAULT NULL,
  `kota` varchar(20) DEFAULT NULL,
  `email` varchar(40) DEFAULT NULL,
  `telp` int(11) DEFAULT NULL,
  `fax` int(11) DEFAULT NULL
) ENGINE=InnoDB DEFAULT CHARSET=latin1;

--
-- Dumping data for table `supplier`
--

INSERT INTO `supplier` (`kode_supplier`, `nama_supplier`, `alamat`, `kota`, `email`, `telp`, `fax`) VALUES
('ALCSJT', 'PT. Alcorindo Sejahteraa', 'Jl Raya Narogong ', 'Bekasi', 'alcorindosjt@gmail.com', 88778845, 88778845),
('ASNBB', 'PT. Asian Berindo Bearing', 'Jl Tangerang Raya', 'Tangerang', 'asianbb@gmail.com', 88665412, 88665412),
('BNTGBRTM', 'PT. Bintang Baru Tama', 'Jl Tangerang Banten', 'Tangerang', 'bintangbaru@gmail.com', 88009988, 88009988),
('MRTTG', 'PT. Morita Tjokro Gearindo', 'Jln Pulo Gadung Raya', 'Jakartaa', 'mtg@gmail.com', 88787667, 88787667),
('SKNAG', 'PT. Sekina Agung', 'Jln Kebon Jeruk', 'Jakarta', 'Sekinaagung@gmail.com', 88675467, 88675467),
('SKWPM', 'PT. Sekawan Putra Makmur', 'Jl Jababeka 2', 'Cikarang', 'spm@gmail.com', 889967564, 889967564);

-- --------------------------------------------------------

--
-- Table structure for table `vendor`
--

CREATE TABLE `vendor` (
  `kode_vendor` varchar(25) NOT NULL,
  `nama_vendor` varchar(50) DEFAULT NULL,
  `alamat` varchar(50) DEFAULT NULL,
  `kota` varchar(20) DEFAULT NULL,
  `email` varchar(50) DEFAULT NULL,
  `telp` int(11) DEFAULT NULL,
  `fax` int(11) DEFAULT NULL
) ENGINE=InnoDB DEFAULT CHARSET=latin1;

--
-- Dumping data for table `vendor`
--

INSERT INTO `vendor` (`kode_vendor`, `nama_vendor`, `alamat`, `kota`, `email`, `telp`, `fax`) VALUES
('AXLIND', 'PT. AXLE INDONESIA', 'Jl Sumatra MM2100', 'Cikarang', 'axleind@gmail.com', 88990098, 88990098),
('HTMLIND', 'PT. Hotmal Indonesia', 'Jl Tangerang Raya', 'Cikarang', 'hotmalind@gmail.com', 88997645, 88997645),
('INDKDPLTG', 'PT. Indo Kida Plating', 'Jl Bali MM2100', 'Cikarang', 'indokida@gmail.com', 88778765, 88778765),
('LNCRJYABD', 'PT. Lancar Jaya Abadi', 'Jl Narogong Raya', 'Bekasi', 'lancarjaya@gmail.com', 88776545, 88776545);

--
-- Indexes for dumped tables
--

--
-- Indexes for table `barang_keluar`
--
ALTER TABLE `barang_keluar`
  ADD PRIMARY KEY (`nomer_transaksi`);

--
-- Indexes for table `barang_masuk`
--
ALTER TABLE `barang_masuk`
  ADD PRIMARY KEY (`nomer_transaksi`);

--
-- Indexes for table `cart`
--
ALTER TABLE `cart`
  ADD PRIMARY KEY (`nomer_transaksi`);

--
-- Indexes for table `customer`
--
ALTER TABLE `customer`
  ADD PRIMARY KEY (`kode_customer`);

--
-- Indexes for table `order_barang`
--
ALTER TABLE `order_barang`
  ADD PRIMARY KEY (`nomer_order`);

--
-- Indexes for table `purchas_receiving`
--
ALTER TABLE `purchas_receiving`
  ADD PRIMARY KEY (`nomer_receiving`);

--
-- Indexes for table `purchas_receivingrtr`
--
ALTER TABLE `purchas_receivingrtr`
  ADD PRIMARY KEY (`nomer_receivingrtr`);

--
-- Indexes for table `register`
--
ALTER TABLE `register`
  ADD PRIMARY KEY (`username`);

--
-- Indexes for table `reture_barang`
--
ALTER TABLE `reture_barang`
  ADD PRIMARY KEY (`nomer_reture`);

--
-- Indexes for table `stok_barang`
--
ALTER TABLE `stok_barang`
  ADD PRIMARY KEY (`kode_barang`);

--
-- Indexes for table `supplier`
--
ALTER TABLE `supplier`
  ADD PRIMARY KEY (`kode_supplier`);

--
-- Indexes for table `vendor`
--
ALTER TABLE `vendor`
  ADD PRIMARY KEY (`kode_vendor`);
--
-- Database: `test`
--
CREATE DATABASE IF NOT EXISTS `test` DEFAULT CHARACTER SET latin1 COLLATE latin1_swedish_ci;
USE `test`;
COMMIT;

/*!40101 SET CHARACTER_SET_CLIENT=@OLD_CHARACTER_SET_CLIENT */;
/*!40101 SET CHARACTER_SET_RESULTS=@OLD_CHARACTER_SET_RESULTS */;
/*!40101 SET COLLATION_CONNECTION=@OLD_COLLATION_CONNECTION */;
